$MeshFormat
4.1 0 8
$EndMeshFormat
$PhysicalNames
4
2 1 "fondazione"
2 2 "superfici_carico"
2 3 "lato_fisso"
3 4 "struttura"
$EndPhysicalNames
$Entities
18 27 11 1
1 0 0 0 0 
2 0 0 50 0 
3 0 30 0 0 
4 0 30 50 0 
5 60 0 0 0 
6 10 0 50 0 
7 10 0 10 0 
8 60 0 10 0 
9 60 30 0 0 
10 22 15 0 0 
11 36 15 0 0 
12 50 15 0 0 
13 10 30 50 0 
14 10 30 10 0 
15 60 30 10 0 
16 22 15 10 0 
17 36 15 10 0 
18 50 15 10 0 
1 -1e-07 -1e-07 -1.000000011686097e-07 1e-07 1e-07 50.0000001 0 2 1 -2 
2 -1e-07 -9.99999993922529e-08 -1e-07 1e-07 30.0000001 1e-07 0 2 1 -3 
3 -1e-07 29.9999999 -1.000000011686097e-07 1e-07 30.0000001 50.0000001 0 2 4 -3 
4 -1e-07 -9.99999993922529e-08 49.9999999 1e-07 30.0000001 50.0000001 0 2 2 -4 
5 -1.000000011686097e-07 -1e-07 -1e-07 60.0000001 1e-07 1e-07 0 2 1 -5 
6 -1.000000002804313e-07 -1e-07 49.9999999 10.0000001 1e-07 50.0000001 0 2 2 -6 
7 9.999999900000001 -1e-07 9.999999899999999 10.0000001 1e-07 50.0000001 0 2 7 -6 
8 9.999999899999999 -1e-07 9.999999900000001 60.0000001 1e-07 10.0000001 0 2 7 -8 
9 59.9999999 -1e-07 -1.000000002804313e-07 60.0000001 1e-07 10.0000001 0 2 5 -8 
10 -1.000000011686097e-07 29.9999999 -1e-07 60.0000001 30.0000001 1e-07 0 2 3 -9 
11 59.9999999 -9.99999993922529e-08 -1e-07 60.0000001 30.0000001 1e-07 0 2 5 -9 
12 13.9999999 10.9999999 -1e-07 22.0000001 19.0000001 1e-07 0 2 10 -10 
13 27.9999999 10.9999999 -1e-07 36.0000001 19.0000001 1e-07 0 2 11 -11 
14 41.9999999 10.9999999 -1e-07 50.0000001 19.0000001 1e-07 0 2 12 -12 
15 -1.000000002804313e-07 29.9999999 49.9999999 10.0000001 30.0000001 50.0000001 0 2 4 -13 
16 9.999999900000001 29.9999999 9.999999899999999 10.0000001 30.0000001 50.0000001 0 2 14 -13 
17 9.999999899999999 29.9999999 9.999999900000001 60.0000001 30.0000001 10.0000001 0 2 14 -15 
18 59.9999999 29.9999999 -1.000000002804313e-07 60.0000001 30.0000001 10.0000001 0 2 9 -15 
19 9.999999900000001 -9.99999993922529e-08 49.9999999 10.0000001 30.0000001 50.0000001 0 2 6 -13 
20 9.999999900000001 -9.99999993922529e-08 9.999999900000001 10.0000001 30.0000001 10.0000001 0 2 7 -14 
21 59.9999999 -9.99999993922529e-08 9.999999900000001 60.0000001 30.0000001 10.0000001 0 2 8 -15 
22 13.9999999 10.9999999 9.999999900000001 22.0000001 19.0000001 10.0000001 0 2 16 -16 
23 27.9999999 10.9999999 9.999999900000001 36.0000001 19.0000001 10.0000001 0 2 17 -17 
24 41.9999999 10.9999999 9.999999900000001 50.0000001 19.0000001 10.0000001 0 2 18 -18 
25 21.9999999 14.9999999 -1.000000002804313e-07 22.0000001 15.0000001 10.0000001 0 2 10 -16 
26 35.9999999 14.9999999 -1.000000002804313e-07 36.0000001 15.0000001 10.0000001 0 2 11 -17 
27 49.9999999 14.9999999 -1.000000002804313e-07 50.0000001 15.0000001 10.0000001 0 2 12 -18 
1 -1e-07 -9.99999993922529e-08 -1.000000011686097e-07 1e-07 30.0000001 50.0000001 1 3 4 -1 2 -3 -4 
2 -1.000000011686097e-07 -1e-07 -1.000000011686097e-07 60.0000001 1e-07 50.0000001 0 6 -5 1 6 -7 8 -9 
3 -1.000000011686097e-07 -9.99999993922529e-08 -1e-07 60.0000001 30.0000001 1e-07 1 1 7 -2 5 11 -10 -12 -13 -14 
4 -1.000000011686097e-07 29.9999999 -1.000000011686097e-07 60.0000001 30.0000001 50.0000001 0 6 -10 -3 15 -16 17 -18 
5 -1.000000002804313e-07 -9.99999993922529e-08 49.9999999 10.0000001 30.0000001 50.0000001 1 2 4 -4 6 19 -15 
6 9.999999900000001 -9.99999993922529e-08 9.999999899999999 10.0000001 30.0000001 50.0000001 0 4 -7 20 16 -19 
7 9.999999899999999 -9.99999993922529e-08 9.999999900000001 60.0000001 30.0000001 10.0000001 0 7 -20 8 21 -17 -22 -23 -24 
8 59.9999999 -9.99999993922529e-08 -1.000000002804313e-07 60.0000001 30.0000001 10.0000001 0 4 -9 11 18 -21 
9 13.9999999 10.9999999 -1.000000002804313e-07 22.0000001 19.0000001 10.0000001 0 4 -22 -25 12 25 
10 27.9999999 10.9999999 -1.000000002804313e-07 36.0000001 19.0000001 10.0000001 0 4 -23 -26 13 26 
11 41.9999999 10.9999999 -1.000000002804313e-07 50.0000001 19.0000001 10.0000001 0 4 -24 -27 14 27 
1 -1.000000011686097e-07 -9.99999993922529e-08 -1.000000011686097e-07 60.0000001 30.0000001 50.0000001 1 4 11 -1 -2 -3 4 5 6 7 8 -9 -10 -11 
$EndEntities
$Nodes
57 910 1 910
0 1 0 1
1
0 0 0
0 2 0 1
2
0 0 50
0 3 0 1
3
0 30 0
0 4 0 1
4
0 30 50
0 5 0 1
5
60 0 0
0 6 0 1
6
10 0 50
0 7 0 1
7
10 0 10
0 8 0 1
8
60 0 10
0 9 0 1
9
60 30 0
0 10 0 1
10
22 15 0
0 11 0 1
11
36 15 0
0 12 0 1
12
50 15 0
0 13 0 1
13
10 30 50
0 14 0 1
14
10 30 10
0 15 0 1
15
60 30 10
0 16 0 1
16
22 15 10
0 17 0 1
17
36 15 10
0 18 0 1
18
50 15 10
1 1 0 12
19
20
21
22
23
24
25
26
27
28
29
30
0 0 3.846153846153846
0 0 7.692307692307693
0 0 11.53846153846154
0 0 15.38461538461539
0 0 19.23076923076923
0 0 23.07692307692308
0 0 26.92307692307692
0 0 30.76923076923077
0 0 34.61538461538461
0 0 38.46153846153846
0 0 42.30769230769231
0 0 46.15384615384615
1 2 0 7
31
32
33
34
35
36
37
0 3.75 0
0 7.5 0
0 11.25 0
0 15 0
0 18.75 0
0 22.5 0
0 26.25 0
1 3 0 12
38
39
40
41
42
43
44
45
46
47
48
49
0 30 46.15384615384615
0 30 42.30769230769231
0 30 38.46153846153846
0 30 34.61538461538461
0 30 30.76923076923077
0 30 26.92307692307692
0 30 23.07692307692308
0 30 19.23076923076923
0 30 15.38461538461539
0 30 11.53846153846154
0 30 7.692307692307693
0 30 3.846153846153847
1 4 0 7
50
51
52
53
54
55
56
0 3.75 50
0 7.5 50
0 11.25 50
0 15 50
0 18.75 50
0 22.5 50
0 26.25 50
1 5 0 14
57
58
59
60
61
62
63
64
65
66
67
68
69
70
4 0 0
8 0 0
12 0 0
16 0 0
20 0 0
24 0 0
28 0 0
32 0 0
36 0 0
40 0 0
44 0 0
48 0 0
52 0 0
56 0 0
1 6 0 2
71
72
3.333333333333333 0 50
6.666666666666667 0 50
1 7 0 9
73
74
75
76
77
78
79
80
81
10 0 14
10 0 18
10 0 22
10 0 26
10 0 30
10 0 34
10 0 38
10 0 42
10 0 46
1 8 0 12
82
83
84
85
86
87
88
89
90
91
92
93
13.84615384615385 0 10
17.69230769230769 0 10
21.53846153846154 0 10
25.38461538461539 0 10
29.23076923076923 0 10
33.07692307692308 0 10
36.92307692307692 0 10
40.76923076923077 0 10
44.61538461538461 0 10
48.46153846153846 0 10
52.30769230769231 0 10
56.15384615384615 0 10
1 9 0 2
94
95
60 0 3.333333333333333
60 0 6.666666666666667
1 10 0 14
96
97
98
99
100
101
102
103
104
105
106
107
108
109
4 30 0
8 30 0
12 30 0
16 30 0
20 30 0
24 30 0
28 30 0
32 30 0
36 30 0
40 30 0
44 30 0
48 30 0
52 30 0
56 30 0
1 11 0 7
110
111
112
113
114
115
116
60 3.75 0
60 7.5 0
60 11.25 0
60 15 0
60 18.75 0
60 22.5 0
60 26.25 0
1 12 0 6
117
118
119
120
121
122
20.49395920743493 18.12732592987212 0
17.10991626417474 18.89971164872729 0
14.39612452839032 16.73553495647023 0
14.39612452839032 13.26446504352977 0
17.10991626417474 11.10028835127271 0
20.49395920743493 11.87267407012788 0
1 13 0 6
123
124
125
126
127
128
34.49395920743493 18.12732592987212 0
31.10991626417474 18.89971164872729 0
28.39612452839032 16.73553495647023 0
28.39612452839032 13.26446504352977 0
31.10991626417474 11.10028835127271 0
34.49395920743493 11.87267407012788 0
1 14 0 6
129
130
131
132
133
134
48.49395920743493 18.12732592987212 0
45.10991626417474 18.89971164872729 0
42.39612452839032 16.73553495647023 0
42.39612452839032 13.26446504352977 0
45.10991626417474 11.10028835127271 0
48.49395920743493 11.87267407012788 0
1 15 0 2
135
136
3.333333333333333 30 50
6.666666666666667 30 50
1 16 0 9
137
138
139
140
141
142
143
144
145
10 30 14
10 30 18
10 30 22
10 30 26
10 30 30
10 30 34
10 30 38
10 30 42
10 30 46
1 17 0 12
146
147
148
149
150
151
152
153
154
155
156
157
13.84615384615385 30 10
17.69230769230769 30 10
21.53846153846154 30 10
25.38461538461539 30 10
29.23076923076923 30 10
33.07692307692308 30 10
36.92307692307692 30 10
40.76923076923077 30 10
44.61538461538461 30 10
48.46153846153846 30 10
52.30769230769231 30 10
56.15384615384615 30 10
1 18 0 2
158
159
60 30 3.333333333333333
60 30 6.666666666666667
1 19 0 7
160
161
162
163
164
165
166
10 3.75 50
10 7.5 50
10 11.25 50
10 15 50
10 18.75 50
10 22.5 50
10 26.25 50
1 20 0 7
167
168
169
170
171
172
173
10 3.75 10
10 7.5 10
10 11.25 10
10 15 10
10 18.75 10
10 22.5 10
10 26.25 10
1 21 0 7
174
175
176
177
178
179
180
60 3.75 10
60 7.5 10
60 11.25 10
60 15 10
60 18.75 10
60 22.5 10
60 26.25 10
1 22 0 6
181
182
183
184
185
186
20.49395920743493 18.12732592987212 10
17.10991626417474 18.89971164872729 10
14.39612452839032 16.73553495647023 10
14.39612452839032 13.26446504352977 10
17.10991626417474 11.10028835127271 10
20.49395920743493 11.87267407012788 10
1 23 0 6
187
188
189
190
191
192
34.49395920743493 18.12732592987212 10
31.10991626417474 18.89971164872729 10
28.39612452839032 16.73553495647023 10
28.39612452839032 13.26446504352977 10
31.10991626417474 11.10028835127271 10
34.49395920743493 11.87267407012788 10
1 24 0 6
193
194
195
196
197
198
48.49395920743493 18.12732592987212 10
45.10991626417474 18.89971164872729 10
42.39612452839032 16.73553495647023 10
42.39612452839032 13.26446504352977 10
45.10991626417474 11.10028835127271 10
48.49395920743493 11.87267407012788 10
1 25 0 2
199
200
22 15 3.333333333333334
22 15 6.666666666666668
1 26 0 2
201
202
36 15 3.333333333333334
36 15 6.666666666666668
1 27 0 2
203
204
50 15 3.333333333333334
50 15 6.666666666666668
2 1 0 104
205
206
207
208
209
210
211
212
213
214
215
216
217
218
219
220
221
222
223
224
225
226
227
228
229
230
231
232
233
234
235
236
237
238
239
240
241
242
243
244
245
246
247
248
249
250
251
252
253
254
255
256
257
258
259
260
261
262
263
264
265
266
267
268
269
270
271
272
273
274
275
276
277
278
279
280
281
282
283
284
285
286
287
288
289
290
291
292
293
294
295
296
297
298
299
300
301
302
303
304
305
306
307
308
0 26.65950743701888 32.6773885808197
0 3.207363857597906 17.45853125758021
0 3.330949052891958 28.84779422589218
0 26.66857131588213 21.14545058796082
0 16.82322008468699 3.391840014006166
0 12.86992239798199 46.94001509111545
0 26.67456233352244 13.4520531117008
0 3.613056202252075 36.60169051994014
0 3.445993039533484 9.617694159738805
0 26.62685567214997 40.36706659859742
0 9.647585490839194 3.538602058401548
0 20.65102729909665 46.81685454198529
0 26.76555227893572 5.896820668353849
0 3.162939433755476 44.36118354606293
0 26.6846628035528 9.618715687176596
0 23.35009795928611 11.51135667687598
0 23.34436435165566 15.35638042829271
0 20.03460354652843 13.4257710941596
0 20.01982583464114 17.25941175108739
0 16.70994124559389 15.32804131205
0 16.69327897574516 19.16331386187097
0 13.42156236270519 17.23164385056745
0 13.41034162002941 21.06845012672807
0 16.68459007410243 23.00087244849384
0 13.39957772769893 24.90744864149655
0 16.67263697900235 26.84048870515305
0 13.35692118166872 28.74778000979449
0 16.6531030262165 30.68041963689168
0 13.3684744481625 32.58685062278419
0 16.63815205214262 34.51697160793197
0 13.31352928033844 36.41784932329584
0 13.40588094317018 13.39912712312584
0 10.03011092859747 22.97306599307923
0 16.6141508433706 38.34290376432581
0 19.98357078356389 28.77342096052436
0 19.93436894745826 36.44748723695049
0 20.05026105008946 9.606242459854876
0 10.01906584966229 15.1494560707677
0 10.08993350867713 11.47055336799007
0 13.4083739639302 9.577026688580617
0 9.514495347435474 34.10987314252333
0 9.948155762632128 38.2524162390679
0 19.86640329186416 40.18443715993005
0 16.6429914321544 42.10229771179092
0 6.722146176363265 13.08550943023001
0 10.02001198932451 7.648793829289361
0 13.32336580084436 5.745576126240796
0 6.495402883020848 6.11923263733247
0 23.23397108004973 38.37916082382881
0 23.04540229816733 41.91963384520475
0 26.203324267701 44.22171112365666
0 16.73227398034638 7.567724307670624
0 20.15076228706106 5.749192863383161
0 23.40238203739064 7.697326533136339
0 23.29305104299103 34.56013199694819
0 13.34987483572056 40.12609343104185
0 10.26535408341684 41.72493571910088
0 6.755298534322965 39.70190866976836
0 16.72355578827642 11.48398883090692
0 23.34157587546292 19.20544328526197
0 26.62724446940066 36.51821175826486
0 23.35514957820448 30.71006182158497
0 3.280340819040163 32.53800530845658
0 6.657329879940137 30.77430935489125
0 6.6632502625777 26.93060298054826
0 3.288907511110384 25.00114347882213
0 23.83377889032884 3.528226502140095
0 3.260900684555847 21.17852476042872
0 6.586176504725888 19.79299833863896
0 26.6684252573534 24.99320876030193
0 23.32849025334526 23.04356778787598
0 26.67151231275385 17.29578533810015
0 9.235733753835774 47.00574581376985
0 16.73347840471263 46.1357750798029
0 20.00706172980032 21.09755196640835
0 19.9762325717628 32.61474887680528
0 19.99614063801424 24.94110448653823
0 26.6831004425458 28.83652534520699
0 23.31851381298206 26.88677427334096
0 3.162645828866302 13.61977641896907
0 5.67257967288726 46.93788300730065
0 10.03616125702342 18.86082092399995
0 7.051993068693115 9.54638710489958
0 3.307323215801984 40.71158818272882
0 5.965869178313458 23.17526711030346
0 7.060380027069005 36.42656176560763
0 10.51457556406303 26.82904936404568
0 10.13671615712674 30.3196554281512
0 24.20043513552281 47.16026422115443
0 2.992009664135439 5.689258263839488
0 7.072525587639101 43.58158613554178
0 5.568598520585159 2.892619889507952
0 19.71538561303699 43.61049932086168
0 13.61108396843856 43.50742306501488
0 13.20883427527411 2.535203639729702
0 20.57426215919043 2.522949660011365
0 27.13541680564833 47.14000817747198
0 2.668049392257111 47.332259666688
0 27.19349346972407 2.831295790095954
0 6.314841000573461 16.30357001629072
0 2.46212163694412 2.485606399900258
0 6.052347879151994 33.85965586176951
0 11.1084504194534 44.62785801006108
0 22.76311492270496 44.74579261057256
2 2 0 54
309
310
311
312
313
314
315
316
317
318
319
320
321
322
323
324
325
326
327
328
329
330
331
332
333
334
335
336
337
338
339
340
341
342
343
344
345
346
347
348
349
350
351
352
353
354
355
356
357
358
359
360
361
362
3.815470731709658 0 6.142479857956471
57.11324865405187 0 5
5 0 47.11324865405187
3.333402006340807 0 40.56284059719467
50.56284059719465 0 6.66659799365919
43.12820512820512 0 6.747948931523384
3.252051068476611 0 33.12820512820512
35.33333333333334 0 6.741177193413059
3.25882280658694 0 25.33333333333333
6.602515723614895 0 12
3.250803528953316 0 17.492075963166
27.53846153846154 0 6.731675007478151
19.69230769230769 0 6.729532690910237
11.91987614444316 0 6.665902900619526
8.03725324324188 0 6.419649805350849
45.61111111111111 0 3.309519068955926
6.690480931044068 0 35.61111111111111
37.69658119658119 0 3.313605400914647
6.686394599085351 0 27.6965811965812
29.78205128205128 0 3.319554416003537
6.654519469716398 0 19.72793477753982
21.80769230769231 0 3.356580202034024
3.323164099705528 0 9.747751852359752
15.78151781894565 0 6.691476166210561
10.00566801005536 0 3.300436099498171
13.89989494429198 0 3.342488753457807
17.86356879387294 0 3.353346302102104
6.114992152894587 0 3.108411009256245
3.249099647389157 0 13.55638204296692
23.66025641025641 0 6.663445397475886
6.646991794519798 0 15.77481434516869
25.79807692307692 0 3.345209170498599
54.59668150897659 0 7.076527090953672
53.94391409831471 0 3.12658795045628
2.923472909046333 0 44.59668150897659
6.873412049543708 0 43.94391409831472
31.49358974358974 0 6.65034272635818
3.342416010667052 0 21.47683939695524
33.71759259259259 0 3.33744662278157
6.657025481009289 0 23.70578145073492
39.30840455840455 0 6.645557075906855
3.35444292409314 0 29.30840455840455
41.62405033238365 0 3.336105079550135
6.663894920449863 0 31.62405033238367
47.06317998557232 0 6.628305673929757
3.371694326070237 0 37.06317998557233
6.95423195055994 0 40
49.99999999999999 0 3.04576804944005
2.786092576920849 0 2.619408942673312
6.283009834613649 0 8.991302558260685
57.49854724275987 0 7.665976601606569
2.334023398393485 0 47.49854724275984
7.704736428710482 0 47.47616924614763
57.47616924614766 0 2.295263571289485
2 3 0 117
363
364
365
366
367
368
369
370
371
372
373
374
375
376
377
378
379
380
381
382
383
384
385
386
387
388
389
390
391
392
393
394
395
396
397
398
399
400
401
402
403
404
405
406
407
408
409
410
411
412
413
414
415
416
417
418
419
420
421
422
423
424
425
426
427
428
429
430
431
432
433
434
435
436
437
438
439
440
441
442
443
444
445
446
447
448
449
450
451
452
453
454
455
456
457
458
459
460
461
462
463
464
465
466
467
468
469
470
471
472
473
474
475
476
477
478
479
3.119809870319238 20.43247280969153 0
3.123065373275322 9.56190449478828 0
11.50878453215677 14.99616165259453 0
27.38784440749421 20.37175551708799 0
27.38778954858313 9.628417370835672 0
13.53966120590494 19.9624201430458 0
13.53972815967371 10.03735794028739 0
41.87878840250973 9.83216411363167 0
41.87878840250973 20.16783588636833 0
56.85498776272159 20.5768213023644 0
56.84534671296421 9.45379845761612 0
33.27533758842866 21.06838118955659 0
33.27742040686415 8.94178158940567 0
47.47084338985373 8.555814054339507 0
19.47084338985372 8.555814054339507 0
19.47084338985373 21.44418594566049 0
47.47084338985373 21.44418594566049 0
9.947259507465866 26.58584899055076 0
9.956116758893517 3.406624692903013 0
38 3.464101615137754 0
38 26.53589838486225 0
25.5251984634993 26.41499146413979 0
25.56376818216599 3.585005676093965 0
53.76550272915271 3.489181420614943 0
53.76550272915271 26.51081857938506 0
50.74069101334894 9.646668692511112 0
50.75415032625051 20.37178814932475 0
23.40285102214856 9.563373660224631 0
23.43568041135196 20.43317408998117 0
45.84304072745172 3.094302392804927 0
17.84489027379669 26.90355492652559 0
45.84304072745171 26.90569760719507 0
17.84489027379669 3.096445073474408 0
36.91012463151947 9.311161014680327 0
36.91012463151948 20.68883898531966 0
22.14536450433621 6.030999750716443 0
22.1419171758108 23.96779658054793 0
50.31943075702951 23.83690202570258 0
50.31782845787458 6.165295217373117 0
41.96416549064135 3.303680286599649 0
41.96416549064134 26.69631971340034 0
13.91457000974982 3.321687998461883 0
13.91299216902195 26.676995711276 0
33.84908268659888 3.259534269908638 0
29.7773907370234 3.261321110724729 0
33.81735794411946 26.75274767364995 0
29.7517716715165 26.74465348845891 0
5.995059681264029 3.112145550340308 0
7.827241912677438 6.280752303811671 0
5.993232565306482 26.87668760317233 0
7.822111730440966 23.71033431806835 0
44.20532879301697 6.91177301641225 0
44.20532879301695 23.08822698358774 0
56.82184240102255 16.85474414125506 0
56.82435637196917 13.19212395943239 0
53.32250233655309 15.02251559310037 0
16.11246422467844 6.966800190999392 0
16.11214214075897 23.03292700443555 0
3.203786944648595 13.1495638750731 0
6.295853819304626 11.56997665955534 0
6.164897642691704 15.05089116176847 0
3.153745515845467 16.85550866994958 0
6.234084689991729 18.41647983856782 0
11.92331105629087 23.30736020236377 0
9.662847619493869 20.1044706971414 0
11.92596242753049 6.689484762019745 0
9.675080526914263 9.88573887249472 0
39.79063217577561 6.50793885192947 0
39.79069489474996 23.49234672304905 0
25.49329755112472 14.99805162832677 0
38.9793172983256 14.99999999999999 0
53.78468310076939 11.22537017418954 0
3.663009915655199 5.929520247312427 0
53.79444732124094 18.80117569405585 0
56.822352119671 5.746152422706643 0
56.82235211967099 24.25384757729336 0
3.663271844241099 24.06380615055865 0
28.16728539417193 6.406544488331385 0
53.81771995156323 22.46889388125244 0
53.81622461618712 7.534482303719843 0
28.14865082688573 23.60257348108078 0
39.40518085883289 17.98668172867422 0
39.40518085883289 12.01331827132578 0
35.57757031945263 23.71899405395163 0
35.58379890881966 6.289253080617625 0
23.50870357645177 12.65629216200458 0
23.53377355404863 17.34502708364874 0
25.21233046339209 6.979965774342014 0
8.974098961583298 16.69766718014701 0
9.035982905902907 13.32583887893807 0
25.19842076705567 23.01763879844352 0
31.79178417073307 23.86136131700343 0
31.80473159499322 6.149074399062703 0
21.7179530178446 27.14246659675008 0
21.7215258960072 2.857430807288875 0
49.75332021625931 2.858192147377394 0
49.75345646618746 27.1419946930202 0
57.16551199595597 27.23487946235304 0
57.16551199595597 2.76512053764697 0
2.834488004044034 27.23487946235303 0
51.16055665296457 17.48519310298607 0
2.819490739405635 2.749123455366011 0
51.12255772184749 12.53310621778173 0
11.63114013060759 12.30191247756889 0
11.61630336950584 17.69925092587979 0
25.78508377568568 11.97218896680124 0
6.04809642196497 8.619046347389126 0
6.035521033377263 21.37315736218264 0
25.81979737901041 18.03095868794889 0
19.2460632887899 5.784503463510992 0
19.2456810370923 24.21541432755202 0
47.29854791333725 5.750057882377716 0
47.29867462974268 24.25011588463926 0
36.86154943341933 17.34119881521288 0
36.86154943341933 12.65880118478711 0
30.34270665154328 21.56075663069122 0
30.34942864175744 8.445221239781628 0
2 4 0 54
480
481
482
483
484
485
486
487
488
489
490
491
492
493
494
495
496
497
498
499
500
501
502
503
504
505
506
507
508
509
510
511
512
513
514
515
516
517
518
519
520
521
522
523
524
525
526
527
528
529
530
531
532
533
3.815470731709659 30 6.142479857956474
57.11324865405187 30 5
5.000000000000004 30 47.11324865405187
3.333402006340807 30 40.56284059719467
50.56284059719465 30 6.66659799365919
43.12820512820512 30 6.747948931523384
3.252051068476611 30 33.12820512820512
35.33333333333334 30 6.741177193413059
3.25882280658694 30 25.33333333333333
6.602515723614895 30 12
27.53846153846154 30 6.731675007478151
3.250803528953315 30 17.492075963166
19.69230769230769 30 6.729532690910237
11.91987614444316 30 6.665902900619526
8.037253243241882 30 6.419649805350851
45.61111111111111 30 3.309519068955926
6.690480931044068 30 35.61111111111111
37.69658119658119 30 3.313605400914647
6.686394599085351 30 27.6965811965812
29.78205128205128 30 3.319554416003537
6.654519469716396 30 19.72793477753982
21.80769230769231 30 3.356580202034024
3.323164099705528 30 9.747751852359755
15.78151781894565 30 6.691476166210561
10.00566801005536 30 3.300436099498171
13.89989494429198 30 3.342488753457807
17.86356879387294 30 3.353346302102104
6.114992152894588 30 3.108411009256246
3.249099647389157 30 13.55638204296692
23.66025641025641 30 6.663445397475886
6.646991794519799 30 15.7748143451687
25.79807692307692 30 3.345209170498599
54.59668150897659 30 7.076527090953672
53.94391409831471 30 3.12658795045628
2.923472909046335 30 44.59668150897659
6.873412049543714 30 43.94391409831474
31.49358974358974 30 6.65034272635818
3.342416010667052 30 21.47683939695524
33.71759259259259 30 3.33744662278157
6.657025481009289 30 23.70578145073492
39.30840455840455 30 6.645557075906855
3.35444292409314 30 29.30840455840455
41.62405033238365 30 3.336105079550135
6.663894920449863 30 31.62405033238367
47.06317998557232 30 6.628305673929757
3.371694326070238 30 37.06317998557233
6.95423195055994 30 40
49.99999999999999 30 3.04576804944005
2.786092576920849 30 2.619408942673314
6.28300983461365 30 8.991302558260685
57.49854724275987 30 7.665976601606569
2.334023398393484 30 47.49854724275984
57.47616924614766 30 2.295263571289485
7.704736428710485 30 47.47616924614763
2 5 0 18
534
535
536
537
538
539
540
541
542
543
544
545
546
547
548
549
550
551
5.000000000000001 27.11324865405187 50
5.000000000000001 2.886751345948128 50
3.247595264191645 9.375 50
3.247595264191645 16.875 50
6.752404735808355 13.125 50
6.752404735808355 20.625 50
2.94592239733965 13.125 50
2.622274440691525 20.57879955638664 50
7.377725559308475 9.421200443613362 50
7.05407760266035 16.875 50
2.915486887185879 5.309352497071316 50
7.08451311281412 24.69064750292868 50
3.11137220345763 24.14399778193319 50
6.888627796542372 5.856002218066807 50
2.356698262381253 2.488361418412967 50
2.356698262381253 27.51163858158703 50
7.643301737618745 27.51163858158703 50
7.643301737618748 2.488361418412964 50
2 6 0 79
552
553
554
555
556
557
558
559
560
561
562
563
564
565
566
567
568
569
570
571
572
573
574
575
576
577
578
579
580
581
582
583
584
585
586
587
588
589
590
591
592
593
594
595
596
597
598
599
600
601
602
603
604
605
606
607
608
609
610
611
612
613
614
615
616
617
618
619
620
621
622
623
624
625
626
627
628
629
630
10 26.52539810203047 28.01876274105899
10 3.395677073330821 36.05890116756562
10 13.37343207684578 13.13693365721329
10 16.64314665382476 46.49208732127833
10 3.423311545509127 24.09423033527653
10 26.5450472028028 36.01293930882896
10 26.45713215275839 20.07723618353308
10 9.46874446886688 46.51385553078125
10 20.625 13.24759526419165
10 3.483939706530448 16.27627578808754
10 26.64595740916914 43.82000328025018
10 3.311041280200819 43.73079834575833
10 26.54372845278673 39.98643792452806
10 23.11997263340954 38.00832015474472
10 23.10306910336236 34.03157941222418
10 19.69300145055941 36.05228944772503
10 19.66710131828388 32.0629082149381
10 16.25758206271046 34.09384096200219
10 16.23052540769581 30.11371162916883
10 12.78889794807314 32.16347505763792
10 12.77010402141919 36.33174874772894
10 12.79085430466893 28.163199035698
10 16.20408298253708 26.15550180653809
10 12.78567042342999 24.20395993382559
10 16.18279979385212 22.22075130021162
10 9.331134398590379 30.20715364784326
10 19.60141185855738 24.15822220465612
10 12.74099592328045 20.33836355885876
10 19.73295352807865 40.01767535823883
10 19.53742739478607 20.28719626910824
10 9.506529578649616 22.25725171319424
10 9.535914576771136 18.17232851784204
10 6.080371568952551 20.16179872052321
10 23.02016724226498 22.13950048713838
10 22.87265176435537 18.42512136781038
10 26.23570002146272 15.94971062987146
10 23.15242239522241 41.94580718421447
10 23.64896527492893 46.26273475052479
10 19.94998905335053 43.97206037147307
10 16.43663689863629 42.36689817339585
10 12.88108304296905 44.36962219804416
10 12.78692133728016 40.30467299080935
10 16.27953321644735 38.19452094665003
10 9.374252371658201 38.35062658408705
10 9.468671848376822 42.25179061132921
10 5.877188282826662 40.07609707923682
10 9.47589352847567 34.27794403151135
10 6.237494642416705 32.86206815637035
10 5.910393812901264 28.17937011044454
10 15.92433141839714 18.63292187949773
10 9.512552991723084 26.20108230092274
10 26.54188869996273 32.01061508667333
10 26.50358720948493 24.05328590229092
10 23.08246393442477 30.05000805128123
10 9.603923936953001 13.8481637513974
10 17.0473716584931 13.09948157033365
10 19.63406854355911 28.10409465143291
10 23.0611828150536 26.08731233964309
10 5.601083310827178 46.90691491213062
10 5.736320296588667 13.1129220747215
10 19.18255383100299 16.44752512511279
10 24.375 13.03280953555044
10 12.5489675243514 16.73885964821077
10 20.21840296415564 47.23064460528464
10 2.597524564198425 20.10646096877745
10 7.032682406743026 16.16531832199805
10 6.886631899547128 24.17874663607225
10 6.872101179741612 36.32512740375424
10 2.387507778864458 28.05472008914421
10 2.988512217918874 31.52584325392078
10 2.51678132727166 39.97315931851215
10 27.09396334469283 47.03340313564953
10 13.08601777200619 47.57846344175952
10 2.685904755345871 47.23977679186325
10 6.670401134965067 43.92832094671412
10 2.685904755345871 12.76022320813675
10 27.37214000429255 12.59650403308438
10 22.62693614638378 15.35641365352646
10 15.19162493672332 15.5875517666857
2 7 0 96
631
632
633
634
635
636
637
638
639
640
641
642
643
644
645
646
647
648
649
650
651
652
653
654
655
656
657
658
659
660
661
662
663
664
665
666
667
668
669
670
671
672
673
674
675
676
677
678
679
680
681
682
683
684
685
686
687
688
689
690
691
692
693
694
695
696
697
698
699
700
701
702
703
704
705
706
707
708
709
710
711
712
713
714
715
716
717
718
719
720
721
722
723
724
725
726
41.13452822591773 20.48886325227953 10
41.13452822591771 9.511136747720473 10
27.94099750675256 9.560468118508375 10
27.94099750675256 20.43953188149163 10
56.9341697012416 9.568574341391512 10
56.99138190000722 20.60702559466252 10
19.49224998000946 8.578353985332834 10
19.49181078247718 21.42049545466877 10
50.50962929387925 3.245383492896421 10
50.04113510047486 27.11129887730706 10
33.55026203545149 21.38109652729741 10
33.55026203545148 8.618903472702593 10
44.40981872470314 22.43937795861963 10
44.60354091165616 7.671695147477513 10
38.70243027948269 26.5752923301989 10
38.70243027948268 3.424707669801104 10
13.2113696685948 5.662838587107251 10
13.24759526419165 24.375 10
23.52371297304415 3.223947361382407 10
23.51700761344733 26.77218129744935 10
31.13573455846267 3.020945488889167 10
31.13573455846267 26.97905451111083 10
51.41369232373155 17.52629657018906 10
53.5242817776501 14.99552676990621 10
50.45156705390248 21.02574356892375 10
22.92906803469841 9.177655628957808 10
22.92903068796948 20.82224653430763 10
36.89632070695981 20.68458103849814 10
36.89632070695982 9.315418961501866 10
13.50033883566375 20.65575349377938 10
13.49430123639761 9.350552937405158 10
35.85229597913069 24.0799832857731 10
35.85229597913069 5.920016714226904 10
27.32175815576499 3.203226990498417 10
25.42386876322867 6.536256235639389 10
27.32064059583219 26.79612778597354 10
25.42386876322869 23.46374376436061 10
41.41370104449015 24.30030368346623 10
44.36719843383381 26.02551525098459 10
41.44598807564898 5.718208500883296 10
44.11538730511518 4.033850543032459 10
19.85778876226513 26.90834967400729 10
19.8653828982802 3.092013288022311 10
54.21980924964784 3.147032113710273 10
52.4621193664101 6.099252504654116 10
48.09034339098189 6.070443670175863 10
53.90714255647431 26.41379207939437 10
56.98966585176399 16.86239315129082 10
56.87588056131675 13.15405889886507 10
29.26707929112543 6.081014541062148 10
29.26689303113663 23.91887792168318 10
25.13529656293423 12.00081737625578 10
25.13529656293424 17.99918262374423 10
38.46154668972466 17.67271752952 10
38.46154668972465 12.32728247048 10
47.78303372270855 24.14065703875061 10
16.03679078817432 3.529713814612946 10
16.03984800409007 26.47303743243323 10
56.83409176994057 24.23351390656337 10
53.99223960213448 22.48183700121928 10
56.54272493712254 5.883147794679341 10
53.86803795429931 11.33488619454271 10
16.24839695722581 7.325725642521231 10
16.24839695722581 22.67427435747877 10
21.6418699745216 23.91148148683749 10
21.64553780586238 6.084568580548311 10
50.80831430729936 9.373884703553678 10
25.83528034957236 15 10
39.84834746964515 15 10
47.24965899458477 20.92656322897868 10
34.94002046481877 2.786338227977736 10
34.94002046481877 27.21366177202227 10
47.16167479319536 2.754642402241366 10
47.42121481630942 9.217797188521528 10
46.9553798605056 27.47656511284945 10
32.76005060903692 5.747041778205642 10
32.7600347706025 24.25294907746998 10
51.25733271810265 12.46820200033537 10
51.23502360713893 24.23466571311901 10
57.16734000548595 2.825284361974442 10
57.17185387124218 27.19672389160936 10
38.72139060607658 6.83030194470221 10
38.7167781730539 23.172342653062 10
12.75498026874452 2.72823420068472 10
12.75498026874452 27.27176579931528 10
54.44303176620768 18.79705260526269 10
18.65767168591043 5.722075062207526 10
18.65594289611596 24.27752768108511 10
41.61095624402409 2.70654838787731 10
41.79597297078956 27.33772234722843 10
54.1654819321365 8.559087596709889 10
30.87953204413179 8.394983761526564 10
30.87951731392602 21.60500773398518 10
12.33703391904954 15 10
25.35730771690346 9.318799339840337 10
25.35729838022124 20.68117620097602 10
2 8 0 18
727
728
729
730
731
732
733
734
735
736
737
738
739
740
741
742
743
744
60 2.886751345948128 5.000000000000001
60 27.11324865405187 5.000000000000002
60 9.375 3.247595264191645
60 16.875 3.247595264191645
60 13.125 6.752404735808355
60 20.625 6.752404735808355
60 13.125 2.94592239733965
60 20.57879955638664 2.622274440691525
60 9.421200443613362 7.377725559308473
60 16.875 7.05407760266035
60 5.309352497071316 2.915486887185878
60 24.69064750292868 7.084513112814122
60 24.14399778193319 3.111372203457627
60 5.856002218066807 6.888627796542369
60 27.51163858158704 2.356698262381252
60 2.488361418412964 7.643301737618746
60 2.488361418412966 2.356698262381254
60 27.51163858158704 7.643301737618749
2 9 0 20
745
746
747
748
749
750
751
752
753
754
755
756
757
758
759
760
761
762
763
764
20.95833333333334 17.69225999652501 5
20.95833333333335 12.307740003475 5
14.00000000037928 15.00005508410711 7.341535313050095
15.50604079256507 11.87267407012788 2.979820483418075
15.50604079256506 18.12732592987212 2.979820483418075
18.68926622881319 11.05983349770373 2.821075684174357
17.09961696772505 11.1026534160802 5.925579836934906
18.68926622881998 18.94016650229509 2.821075684170355
17.09961696774176 18.89734658392366 5.925579836930577
14.00000004791057 14.99938090021762 2.979531301344626
19.69085261124597 11.37494586977757 7.432856860505872
19.81913188824078 18.56240918104385 7.441848638827931
14.85990440309047 17.47786190944317 7.393495191193541
14.85955595193493 12.52257973267096 7.394885581178301
21.24347819625606 17.34090777059061 2.412441131537304
21.24347819625607 12.6590922294094 2.412441131537305
14.34210361145813 16.6185777740635 4.979211284779694
14.39129117251071 13.27453756969302 4.946013308921998
21.41906191684919 12.92394229156521 7.897022282731655
21.33391245027097 17.2102098936364 7.624878061098661
2 10 0 20
765
766
767
768
769
770
771
772
773
774
775
776
777
778
779
780
781
782
783
784
34.95833333333334 17.69225999652502 5
34.95833333333336 12.307740003475 5
29.50604079256507 11.87267407012788 2.979820483418279
29.50604079256507 18.12732592987212 2.979820483418279
28.00000000279121 15.00014943115456 7.341581499143954
32.68927299969583 11.0598346821624 2.82111436051988
31.09963102749925 11.10265016795285 5.926349613533631
32.68927299970262 18.94016531783642 2.821114360515876
31.09963102751598 18.89734983205101 5.926349613529299
28 15.00000000000037 2.979820483418102
33.69082034341071 11.37493081910034 7.432922826336622
33.81896560976008 18.56249408568073 7.441981960596543
28.85990518392411 17.4778628989622 7.393601767760071
28.85952101876976 12.52262401552548 7.394978065608726
35.24347819625607 17.34090777059061 2.412441131537306
35.24347819625607 12.6590922294094 2.412441131537306
28.34221399211028 16.61882720525884 4.979338427808788
28.39122463363807 13.27467673894446 4.945997059325345
35.41914550495007 12.92407995915551 7.897199677312097
35.33394417026718 17.21016204599153 7.625134833919745
2 11 0 20
785
786
787
788
789
790
791
792
793
794
795
796
797
798
799
800
801
802
803
804
48.95833333333336 12.307740003475 5
48.95833333333334 17.69225999652502 5.000000000000002
42.00000000748967 14.99975521975077 2.658459954811088
43.50604079256507 18.12732592987212 7.020179516581925
43.50604079256507 11.87267407012788 7.020179516581925
46.6892662288132 11.05983349770373 7.17892431582564
45.09961696772504 11.1026534160802 4.074420163065094
46.68926622881998 18.94016650229509 7.178924315829645
45.09961696774177 18.89734658392367 4.074420163069421
42.00000004791057 14.99938090021762 7.020468698655378
47.81913188823635 11.43759081895388 2.55815136117713
47.69085261125311 18.6250541302191 2.567143139490562
42.85951976851886 17.47737439957633 2.605127000652834
42.85994003684691 12.52209293398581 2.606488966302056
49.24347819625607 17.3409077705906 7.587558868462693
49.24347819625607 12.6590922294094 7.587558868462692
42.39101880268834 16.72489266838576 5.054076832709642
42.34232239388937 13.38092788000139 5.020658889265601
49.33391245026888 12.78979010636045 2.375121938910331
49.41906191685451 17.07605770842603 2.102977717260459
3 1 0 106
805
806
807
808
809
810
811
812
813
814
815
816
817
818
819
820
821
822
823
824
825
826
827
828
829
830
831
832
833
834
835
836
837
838
839
840
841
842
843
844
845
846
847
848
849
850
851
852
853
854
855
856
857
858
859
860
861
862
863
864
865
866
867
868
869
870
871
872
873
874
875
876
877
878
879
880
881
882
883
884
885
886
887
888
889
890
891
892
893
894
895
896
897
898
899
900
901
902
903
904
905
906
907
908
909
910
5.862634410475265 16.74061032864232 5.860050220655444
26.58029198205692 7.955986619433925 5.026450680855637
26.57757049668482 22.04406240653784 5.024830893995846
5.67473691037737 22.74532289517643 5.837754034200237
54.78957968754978 13.14951898741705 5.000000000000001
5.763422853231376 10.12881317641644 5.842260544756641
5.02890193248253 5.284681725395601 8.289351216753595
4.966458554503442 22.5180388253553 13.4551469518686
20.06938781135819 6.58099791966395 5.070921210288281
19.64558980891244 24.22347924889673 4.809222621314294
5.010209130169267 4.950900241733653 45.04909975826634
4.996713855360253 7.697198191982863 34.69509956391114
55.07581543465021 4.924184565349788 4.967270620649929
34.25286022288775 6.786598525289191 5.198935045784422
11.60338188613276 21.26797774161084 4.985591435143098
55.07252049964144 25.07252049964144 4.971248957441611
4.967013822522476 14.72049289067796 11.84524166699186
4.949704451083675 17.78192990581023 24.92411530694364
11.77495859423134 8.609718784554374 4.989743675211543
4.980983066186525 21.04357000833505 38.33675381836018
4.950801527289877 17.75851988675379 32.60303254388747
30.96139653503158 24.9846047836215 5.090960003198784
4.936690301824323 24.43618163799649 32.65303388660055
4.907029213213689 24.44945166643392 21.12830501224964
4.836433435389858 18.90796521369303 19.17480548332739
4.998318413223811 15.52640646800749 40.23105611104046
39.98635294550323 8.697471345078096 4.766308042025793
37.67849169131284 24.86947000068432 5.053896445003252
45.61376835623904 24.24700849237852 5.093905202773713
5.057791429685296 12.16764866512112 26.18439206203428
5.083858757875947 22.19065357572271 27.85760431972458
48.68130322492007 6.880284564391731 4.860363986139047
5.083037649902961 24.38527904905304 43.84084424581737
15.12560417807433 25.14001602889303 4.856913118066045
4.923139353777695 13.62104137932679 19.1506467727083
9.635926564356103 13.97689632902838 4.729671850488708
5.247454760352911 9.450181190267987 11.53748816388804
4.935300988848089 4.960586632318984 14.68511883713571
4.935891049743384 7.965752689759404 22.90327241499699
15.23492958727926 4.776164421110768 4.795488823081373
4.886560279834578 11.81397611071742 31.42706618887905
5.015668981683717 10.22115812366949 39.97822578482467
39.33151175977589 20.390259515669 4.210123648300366
4.998711314280787 18.22296817114659 44.8714086650394
50.51477082309829 22.71041371642836 5.148013991740355
54.86101133307751 19.89439714096088 4.952309001251467
5.198893346923859 4.894620834751917 30.19507894635385
29.96729825741073 4.473205331730707 5.449686946036629
5.052124205268207 10.12348173036061 45.15092871514351
4.774271842242235 19.18254261695905 9.921907550981395
8.759225994658433 4.634985622579213 4.694556848984134
43.76681097489129 5.079409373810188 4.883242216553303
4.489925981217104 4.406554340602201 19.5462786174698
4.719129645466235 9.548822108423794 16.41692914982931
4.915005640384475 5.055532481113373 39.20191693887124
5.346606432918938 25.41828223415044 9.73201408518249
10.33960086141223 25.77946209181994 5.337616440398333
23.98555325062705 4.122925269893472 4.525243847583992
23.98256236071155 25.87738750452459 4.523316924551526
52.80341361100083 8.960491232403925 5.552354577428559
5.187142101143571 13.06614047855993 36.08066855340556
4.264293287805883 18.19384372766999 14.7104761099103
5.46022358197562 25.67540238571902 37.24320197865079
24.07234381351477 10.46703037838732 6.545548395159877
4.419660126061245 25.64505971295362 16.74369602759791
38.26839158102666 4.399995864649439 5.445696652218727
5.460942079650646 4.138599193523305 25.56982000619269
3.935611289650745 15.6728129072928 28.75541769278903
34.27385486705352 22.20840237112665 5.164799311426921
4.274447659982085 3.979763450732806 4.062681164508912
24.85547363884321 18.49315210088117 3.948388006496614
5.708592873897764 25.89174779241314 25.33744591092044
10.0618018141432 17.81417271420883 3.683783420544471
41.73897903122993 25.80213067694358 6.010994995792194
52.92814906994671 17.24123086642769 3.228657503719467
24.78869475205668 12.54341520180055 3.540547185606649
38.72273851425292 12.32807278134173 5.947735420577324
3.967795941585444 14.19927096474304 45.9679872650927
6.042455161044021 8.080446496218908 27.34029216065256
4.305415201190009 26.23540616014885 3.851868487343014
3.943480130346015 13.45734571802687 7.865224090952392
3.783221230065327 17.37279371168572 36.6381749097071
3.699255619539533 21.64699167804681 23.96542537905785
30.83501496239475 7.823090031174704 3.766354533797715
5.100897909273291 13.45148739970285 3.587731445756746
3.5588178918372 14.37373838084342 23.00061561865767
22.80426598998674 21.32010556733685 5.30724597439749
3.440747248378158 21.07398851479225 34.54333708137066
3.717307165613307 19.67182121595676 3.975991606085122
42.66544331866392 21.96788723746856 6.4644352832896
29.99456813695019 21.71915814412124 3.670180199083246
3.528548682723233 21.0549745920089 42.12418064264872
38.71228553468747 16.84851701088698 5.000000000000001
3.977984317182963 25.9189272370121 29.00357190009855
3.542950110804836 13.24449129705888 15.31607792275686
6.543834655396722 11.67245926582463 22.34623997379181
23.09277837568366 8.319626351268223 3.572813235635404
6.390474893514327 26.14747132284155 13.41720932573138
27.36578027584294 25.57807992575512 6.344125881968687
51.70206225227354 26.11456691211187 6.621225362976757
6.2509320222692 22.11364578002773 17.22969763528438
3.297678977684835 22.46750268653771 46.55681855068953
16.30538597689208 21.77283334127285 3.599023832919221
16.30210053936204 8.214594994423518 3.59751493634779
25.17691654970023 15.37832375154293 5.43125034917021
3.392117781320736 4.035655301067969 34.52162690936592
$EndNodes
$Elements
4 3454 1 3454
2 1 2 248
1 1 19 305 
2 31 1 305 
3 30 2 302 
4 2 50 302 
5 3 37 303 
6 49 3 303 
7 4 38 301 
8 56 4 301 
9 19 20 294 
10 19 294 305 
11 20 21 213 
12 20 213 294 
13 21 22 284 
14 213 21 284 
15 22 23 206 
16 22 206 284 
17 23 24 272 
18 206 23 272 
19 24 25 270 
20 24 270 272 
21 25 26 207 
22 25 207 270 
23 26 27 267 
24 207 26 267 
25 27 28 212 
26 27 212 267 
27 28 29 288 
28 212 28 288 
29 29 30 218 
30 29 218 288 
31 218 30 302 
32 32 31 296 
33 296 31 305 
34 33 32 215 
35 215 32 296 
36 34 33 299 
37 33 215 299 
38 35 34 209 
39 209 34 299 
40 36 35 300 
41 35 209 300 
42 37 36 271 
43 271 36 300 
44 37 271 303 
45 38 39 255 
46 38 255 301 
47 39 40 214 
48 39 214 255 
49 40 41 265 
50 214 40 265 
51 41 42 205 
52 41 205 265 
53 42 43 282 
54 205 42 282 
55 43 44 274 
56 43 274 282 
57 44 45 208 
58 44 208 274 
59 45 46 276 
60 208 45 276 
61 46 47 211 
62 46 211 276 
63 47 48 219 
64 211 47 219 
65 48 49 217 
66 48 217 219 
67 217 49 303 
68 50 51 285 
69 50 285 302 
70 51 52 277 
71 51 277 285 
72 52 53 210 
73 52 210 277 
74 53 54 278 
75 210 53 278 
76 54 55 216 
77 54 216 278 
78 55 56 293 
79 216 55 293 
80 293 56 301 
81 205 259 265 
82 259 205 266 
83 266 205 282 
84 206 272 273 
85 206 273 304 
86 284 206 304 
87 207 267 268 
88 207 268 269 
89 207 269 270 
90 208 264 275 
91 264 208 276 
92 274 208 275 
93 209 251 256 
94 251 209 299 
95 209 256 257 
96 209 257 300 
97 277 210 307 
98 210 278 298 
99 210 298 307 
100 211 219 220 
101 211 220 221 
102 211 221 276 
103 262 212 288 
104 212 262 290 
105 267 212 306 
106 212 290 306 
107 249 213 284 
108 213 249 287 
109 252 213 287 
110 213 252 294 
111 214 253 254 
112 253 214 265 
113 214 254 255 
114 215 250 251 
115 250 215 252 
116 215 251 299 
117 252 215 296 
118 278 216 297 
119 216 293 308 
120 297 216 308 
121 219 217 258 
122 258 217 271 
123 271 217 303 
124 218 285 295 
125 285 218 302 
126 288 218 295 
127 220 219 258 
128 221 220 222 
129 222 220 241 
130 241 220 258 
131 221 222 223 
132 221 223 264 
133 221 264 276 
134 223 222 224 
135 224 222 263 
136 222 241 263 
137 223 224 225 
138 223 225 279 
139 264 223 279 
140 225 224 226 
141 226 224 236 
142 236 224 263 
143 225 226 227 
144 225 227 228 
145 225 228 279 
146 227 226 286 
147 226 236 242 
148 226 242 286 
149 228 227 229 
150 229 227 237 
151 237 227 286 
152 228 229 230 
153 228 230 281 
154 279 228 281 
155 230 229 231 
156 231 229 291 
157 229 237 291 
158 230 231 232 
159 230 232 239 
160 230 239 281 
161 232 231 233 
162 233 231 292 
163 231 291 292 
164 232 233 234 
165 232 234 280 
166 239 232 280 
167 234 233 235 
168 235 233 245 
169 245 233 292 
170 234 235 238 
171 234 238 240 
172 234 240 280 
173 238 235 260 
174 235 245 246 
175 235 246 260 
176 242 236 243 
177 243 236 244 
178 244 236 263 
179 269 237 289 
180 237 269 291 
181 273 237 286 
182 237 273 289 
183 240 238 247 
184 247 238 248 
185 248 238 260 
186 266 239 280 
187 239 266 283 
188 281 239 283 
189 240 247 253 
190 240 253 259 
191 240 259 280 
192 256 241 257 
193 241 256 263 
194 257 241 258 
195 242 243 249 
196 242 249 304 
197 286 242 304 
198 243 244 250 
199 249 243 287 
200 243 250 287 
201 250 244 251 
202 251 244 256 
203 256 244 263 
204 246 245 290 
205 268 245 292 
206 245 268 306 
207 290 245 306 
208 260 246 261 
209 261 246 262 
210 262 246 290 
211 247 248 297 
212 253 247 254 
213 254 247 297 
214 248 260 298 
215 248 278 297 
216 278 248 298 
217 249 284 304 
218 250 252 287 
219 294 252 296 
220 259 253 265 
221 255 254 308 
222 254 297 308 
223 255 293 301 
224 293 255 308 
225 257 258 271 
226 257 271 300 
227 259 266 280 
228 260 261 298 
229 261 262 295 
230 261 295 307 
231 298 261 307 
232 262 288 295 
233 275 264 279 
234 266 282 283 
235 268 267 306 
236 269 268 292 
237 270 269 289 
238 291 269 292 
239 272 270 289 
240 273 272 289 
241 273 286 304 
242 274 275 283 
243 282 274 283 
244 275 279 281 
245 275 281 283 
246 285 277 295 
247 295 277 307 
248 294 296 305 
2 3 2 305
249 1 31 464 
250 57 1 464 
251 37 3 462 
252 3 96 462 
253 5 70 461 
254 110 5 461 
255 109 9 460 
256 9 116 460 
257 10 117 449 
258 122 10 448 
259 10 432 448 
260 432 10 449 
261 11 123 476 
262 128 11 477 
263 433 11 476 
264 11 433 477 
265 12 129 463 
266 134 12 465 
267 418 12 463 
268 12 418 465 
269 31 32 435 
270 31 435 464 
271 32 33 364 
272 32 364 435 
273 33 34 421 
274 364 33 421 
275 34 35 424 
276 421 34 424 
277 35 36 363 
278 35 363 424 
279 36 37 439 
280 363 36 439 
281 439 37 462 
282 58 57 410 
283 410 57 464 
284 59 58 381 
285 381 58 410 
286 60 59 404 
287 59 381 404 
288 61 60 395 
289 395 60 404 
290 62 61 457 
291 61 395 457 
292 63 62 385 
293 385 62 457 
294 64 63 407 
295 63 385 407 
296 65 64 406 
297 406 64 407 
298 66 65 382 
299 382 65 406 
300 67 66 402 
301 66 382 402 
302 68 67 392 
303 392 67 402 
304 69 68 458 
305 68 392 458 
306 70 69 386 
307 386 69 458 
308 70 386 461 
309 96 97 412 
310 96 412 462 
311 97 98 380 
312 97 380 412 
313 98 99 405 
314 380 98 405 
315 99 100 393 
316 99 393 405 
317 100 101 456 
318 393 100 456 
319 101 102 384 
320 101 384 456 
321 102 103 409 
322 384 102 409 
323 103 104 408 
324 103 408 409 
325 104 105 383 
326 104 383 408 
327 105 106 403 
328 383 105 403 
329 106 107 394 
330 106 394 403 
331 107 108 459 
332 394 107 459 
333 108 109 387 
334 108 387 459 
335 387 109 460 
336 111 110 437 
337 437 110 461 
338 112 111 373 
339 373 111 437 
340 113 112 417 
341 112 373 417 
342 114 113 416 
343 416 113 417 
344 115 114 372 
345 372 114 416 
346 116 115 438 
347 115 372 438 
348 116 438 460 
349 117 118 378 
350 117 378 391 
351 117 391 449 
352 118 119 368 
353 118 368 420 
354 378 118 420 
355 119 120 365 
356 119 365 467 
357 368 119 467 
358 120 121 369 
359 365 120 466 
360 120 369 466 
361 121 122 377 
362 369 121 419 
363 121 377 419 
364 377 122 390 
365 390 122 448 
366 123 124 374 
367 123 374 397 
368 123 397 476 
369 124 125 366 
370 124 366 478 
371 374 124 478 
372 125 126 432 
373 366 125 471 
374 125 432 471 
375 126 127 367 
376 126 367 468 
377 432 126 468 
378 127 128 375 
379 367 127 479 
380 127 375 479 
381 375 128 396 
382 396 128 477 
383 129 130 379 
384 129 379 389 
385 129 389 463 
386 130 131 371 
387 130 371 415 
388 379 130 415 
389 131 132 433 
390 371 131 444 
391 131 433 444 
392 132 133 370 
393 132 370 445 
394 433 132 445 
395 133 134 376 
396 370 133 414 
397 133 376 414 
398 376 134 388 
399 388 134 465 
400 424 363 425 
401 425 363 470 
402 363 439 470 
403 364 421 422 
404 364 422 469 
405 435 364 469 
406 451 365 452 
407 365 451 467 
408 452 365 466 
409 366 391 453 
410 391 366 471 
411 443 366 453 
412 366 443 478 
413 390 367 450 
414 367 390 468 
415 367 440 450 
416 440 367 479 
417 420 368 426 
418 426 368 427 
419 427 368 467 
420 369 419 428 
421 369 428 429 
422 369 429 466 
423 396 370 430 
424 370 396 445 
425 370 414 430 
426 371 397 431 
427 397 371 444 
428 415 371 431 
429 372 416 436 
430 372 436 441 
431 438 372 441 
432 417 373 434 
433 434 373 442 
434 373 437 442 
435 397 374 446 
436 446 374 454 
437 454 374 478 
438 375 396 447 
439 375 447 455 
440 375 455 479 
441 376 388 401 
442 376 401 474 
443 414 376 474 
444 377 390 398 
445 377 398 472 
446 419 377 472 
447 391 378 399 
448 399 378 473 
449 378 420 473 
450 389 379 400 
451 400 379 475 
452 379 415 475 
453 380 405 426 
454 412 380 413 
455 413 380 426 
456 404 381 428 
457 381 410 411 
458 381 411 428 
459 402 382 430 
460 382 406 447 
461 430 382 447 
462 383 403 431 
463 408 383 446 
464 383 431 446 
465 399 384 453 
466 384 399 456 
467 384 409 443 
468 384 443 453 
469 385 398 450 
470 398 385 457 
471 407 385 440 
472 440 385 450 
473 386 401 442 
474 401 386 458 
475 437 386 442 
476 386 437 461 
477 400 387 441 
478 387 400 459 
479 387 438 441 
480 438 387 460 
481 401 388 442 
482 388 434 442 
483 434 388 465 
484 389 400 441 
485 436 389 441 
486 389 436 463 
487 398 390 450 
488 390 448 468 
489 391 399 453 
490 449 391 471 
491 392 402 414 
492 392 414 474 
493 458 392 474 
494 405 393 420 
495 420 393 473 
496 393 456 473 
497 403 394 415 
498 415 394 475 
499 394 459 475 
500 395 404 419 
501 395 419 472 
502 457 395 472 
503 396 430 447 
504 445 396 477 
505 431 397 446 
506 397 444 476 
507 398 457 472 
508 456 399 473 
509 459 400 475 
510 401 458 474 
511 414 402 430 
512 403 415 431 
513 419 404 428 
514 405 420 426 
515 406 407 455 
516 447 406 455 
517 407 440 455 
518 409 408 454 
519 408 446 454 
520 443 409 454 
521 411 410 435 
522 435 410 464 
523 428 411 429 
524 429 411 469 
525 411 435 469 
526 412 413 439 
527 412 439 462 
528 413 426 427 
529 413 427 470 
530 439 413 470 
531 416 417 418 
532 416 418 436 
533 418 417 434 
534 418 434 465 
535 436 418 463 
536 422 421 423 
537 423 421 424 
538 422 423 452 
539 429 422 452 
540 422 429 469 
541 423 424 425 
542 423 425 451 
543 423 451 452 
544 425 427 451 
545 427 425 470 
546 451 427 467 
547 429 452 466 
548 448 432 468 
549 432 449 471 
550 444 433 476 
551 433 445 477 
552 455 440 479 
553 443 454 478 
2 5 2 56
554 2 548 50 
555 71 548 2 
556 56 549 4 
557 4 549 135 
558 6 551 72 
559 160 551 6 
560 136 550 13 
561 13 550 166 
562 50 544 51 
563 50 548 544 
564 51 536 52 
565 51 544 536 
566 52 540 53 
567 536 540 52 
568 53 537 54 
569 53 540 537 
570 54 541 55 
571 537 541 54 
572 55 546 56 
573 541 546 55 
574 546 549 56 
575 72 535 71 
576 535 548 71 
577 72 551 535 
578 135 534 136 
579 135 549 534 
580 534 550 136 
581 161 547 160 
582 547 551 160 
583 162 542 161 
584 542 547 161 
585 163 538 162 
586 538 542 162 
587 164 543 163 
588 163 543 538 
589 165 539 164 
590 539 543 164 
591 166 545 165 
592 165 545 539 
593 166 550 545 
594 534 546 545 
595 545 550 534 
596 534 549 546 
597 535 547 544 
598 544 548 535 
599 535 551 547 
600 538 540 536 
601 536 542 538 
602 536 547 542 
603 544 547 536 
604 537 540 538 
605 538 543 537 
606 539 541 537 
607 537 543 539 
608 539 546 541 
609 545 546 539 
3 1 4 2845
610 815 846 626 859 
611 672 814 718 838 
612 531 549 301 482 
613 534 301 549 482 
614 356 817 458 836 
615 204 653 654 879 
616 301 482 534 837 
617 825 835 608 872 
618 214 254 253 896 
619 672 492 814 838 
620 364 810 215 874 
621 214 837 254 896 
622 626 846 815 853 
623 717 813 673 844 
624 825 827 568 835 
625 214 867 837 896 
626 702 826 832 873 
627 214 253 867 896 
628 644 789 790 856 
629 458 817 401 836 
630 736 809 678 850 
631 653 204 799 879 
632 534 482 550 623 
633 702 707 826 873 
634 696 868 665 901 
635 726 807 777 875 
636 487 702 826 832 
637 735 635 809 864 
638 673 813 321 844 
639 482 623 534 837 
640 534 549 301 906 
641 313 639 817 836 
642 427 808 470 877 
643 506 456 501 814 
644 735 817 635 864 
645 701 818 316 852 
646 581 585 829 887 
647 837 848 615 906 
648 335 330 457 813 
649 822 608 835 872 
650 828 829 585 887 
651 581 829 578 887 
652 714 647 844 855 
653 822 578 829 887 
654 789 791 790 856 
655 280 825 835 892 
656 239 280 825 835 
657 427 819 808 877 
658 482 533 550 623 
659 470 877 808 893 
660 714 167 647 855 
661 601 839 829 866 
662 675 817 639 836 
663 318 167 811 842 
664 654 809 204 879 
665 696 813 868 901 
666 672 718 688 838 
667 518 826 408 832 
668 459 527 833 904 
669 702 662 707 873 
670 318 627 167 842 
671 506 814 492 838 
672 581 578 585 887 
673 345 701 316 852 
674 807 875 726 891 
675 514 531 301 482 
676 534 301 837 906 
677 605 568 827 835 
678 714 844 322 855 
679 506 393 456 814 
680 805 808 171 877 
681 630 839 601 866 
682 266 280 835 892 
683 644 831 789 856 
684 408 832 826 873 
685 596 846 626 853 
686 469 855 810 874 
687 457 395 335 813 
688 576 822 829 890 
689 706 818 701 852 
690 680 806 722 888 
691 761 747 757 877 
692 550 545 534 623 
693 830 848 580 896 
694 487 826 518 832 
695 392 324 458 836 
696 696 665 862 901 
697 808 819 171 877 
698 576 829 839 890 
699 608 570 825 872 
700 721 635 817 864 
701 681 723 807 895 
702 316 818 347 852 
703 807 863 453 891 
704 298 846 830 882 
705 239 266 280 835 
706 335 321 813 844 
707 841 858 554 899 
708 470 427 413 808 
709 702 832 662 873 
710 816 845 577 851 
711 696 862 813 901 
712 590 615 837 848 
713 748 762 466 823 
714 672 814 492 863 
715 353 703 639 836 
716 823 844 647 855 
717 687 717 673 844 
718 321 813 673 862 
719 318 811 331 842 
720 440 852 806 862 
721 706 701 651 852 
722 331 284 337 842 
723 824 830 580 896 
724 568 827 825 892 
725 413 808 427 819 
726 239 835 825 872 
727 577 851 845 883 
728 672 688 492 838 
729 691 721 635 817 
730 287 811 250 841 
731 630 839 866 899 
732 321 330 335 813 
733 506 501 492 814 
734 568 608 825 835 
735 458 386 401 817 
736 298 853 846 882 
737 356 313 817 836 
738 258 220 854 860 
739 611 811 167 842 
740 812 854 220 860 
741 425 877 470 893 
742 762 466 823 840 
743 534 623 545 837 
744 824 867 253 896 
745 373 809 434 864 
746 810 823 429 840 
747 514 482 301 837 
748 821 841 554 899 
749 333 334 404 855 
750 295 846 815 859 
751 373 442 817 864 
752 334 844 404 855 
753 592 830 593 846 
754 568 566 827 892 
755 324 836 392 856 
756 406 818 347 870 
757 816 846 290 859 
758 653 799 850 879 
759 433 787 201 881 
760 597 626 846 859 
761 333 404 381 855 
762 501 814 456 863 
763 691 635 735 817 
764 729 809 373 864 
765 681 826 723 895 
766 345 651 701 852 
767 615 589 837 906 
768 170 840 805 877 
769 345 316 347 852 
770 457 813 330 862 
771 790 836 644 856 
772 584 857 843 858 
773 574 608 822 872 
774 399 453 863 891 
775 824 837 588 867 
776 465 803 434 809 
777 611 841 811 842 
778 495 394 459 833 
779 422 810 429 840 
780 575 822 576 890 
781 406 347 818 852 
782 696 656 665 868 
783 803 434 809 864 
784 687 673 321 844 
785 266 835 827 892 
786 356 386 458 817 
787 170 805 840 885 
788 575 834 822 890 
789 771 722 806 888 
790 506 393 814 838 
791 392 458 474 836 
792 322 844 334 855 
793 567 566 568 892 
794 250 811 810 841 
795 213 331 811 842 
796 614 554 858 899 
797 815 846 295 853 
798 703 836 353 856 
799 330 813 321 862 
800 492 814 501 863 
801 729 373 817 864 
802 729 735 809 864 
803 324 356 458 836 
804 465 203 803 809 
805 716 654 653 879 
806 591 848 830 882 
807 825 845 569 865 
808 766 770 780 818 
809 808 258 854 860 
810 333 322 334 855 
811 494 861 860 884 
812 773 807 723 895 
813 695 814 672 863 
814 583 858 843 900 
815 860 861 808 884 
816 700 792 833 849 
817 659 831 818 881 
818 805 821 170 854 
819 574 570 608 872 
820 673 813 696 862 
821 567 568 825 892 
822 714 322 167 855 
823 575 890 576 900 
824 292 845 851 883 
825 335 813 395 844 
826 705 686 833 904 
827 606 554 841 858 
828 459 394 475 833 
829 566 824 867 892 
830 201 881 787 897 
831 574 822 575 834 
832 580 830 591 848 
833 818 831 766 881 
834 808 819 413 861 
835 829 839 225 866 
836 225 866 839 899 
837 591 830 592 882 
838 373 733 417 809 
839 611 167 627 842 
840 298 260 830 846 
841 688 503 492 838 
842 736 679 678 809 
843 612 601 829 866 
844 290 816 246 846 
845 566 867 827 892 
846 825 570 845 872 
847 656 696 813 868 
848 567 824 566 892 
849 241 258 220 854 
850 596 597 626 846 
851 171 757 747 877 
852 729 817 735 864 
853 411 855 469 874 
854 650 672 509 863 
855 653 799 655 850 
856 571 569 845 865 
857 803 465 434 388 
858 630 866 821 899 
859 318 331 337 842 
860 575 834 890 900 
861 338 673 649 862 
862 452 422 429 840 
863 695 672 650 863 
864 827 835 825 892 
865 445 787 433 881 
866 272 346 857 871 
867 576 575 574 822 
868 564 588 837 867 
869 791 789 831 856 
870 649 673 696 862 
871 812 860 211 902 
872 214 483 837 867 
873 239 822 835 872 
874 445 780 831 881 
875 440 385 852 862 
876 208 517 274 828 
877 583 584 843 858 
878 683 726 777 875 
879 708 800 204 809 
880 347 818 316 870 
881 590 615 589 837 
882 224 866 225 899 
883 415 878 431 894 
884 644 632 789 831 
885 670 831 644 856 
886 211 812 220 860 
887 693 844 823 908 
888 272 270 346 871 
889 607 560 854 866 
890 443 863 807 903 
891 385 340 852 862 
892 808 877 805 893 
893 431 878 847 894 
894 399 391 453 891 
895 353 836 324 856 
896 415 833 878 894 
897 617 842 857 858 
898 169 170 840 885 
899 705 833 524 904 
900 526 564 837 867 
901 716 653 850 879 
902 694 660 648 838 
903 680 852 806 888 
904 215 810 252 874 
905 818 831 712 870 
906 693 823 661 908 
907 423 451 425 877 
908 736 730 809 850 
909 213 284 331 842 
910 612 630 601 866 
911 509 672 492 863 
912 473 456 393 814 
913 687 321 332 844 
914 690 689 636 850 
915 708 800 809 864 
916 803 388 434 864 
917 810 840 422 889 
918 171 808 805 854 
919 272 857 289 871 
920 261 846 298 853 
921 517 274 828 876 
922 321 673 338 862 
923 221 223 812 905 
924 457 472 395 813 
925 825 886 567 892 
926 228 279 822 829 
927 221 264 223 905 
928 466 429 823 840 
929 234 233 825 865 
930 401 836 817 864 
931 812 854 560 866 
932 440 806 450 862 
933 527 495 459 833 
934 824 567 886 892 
935 445 433 201 881 
936 634 777 726 807 
937 644 790 704 836 
938 692 809 635 864 
939 660 819 648 838 
940 507 412 861 884 
941 487 702 516 826 
942 576 829 601 839 
943 791 836 790 856 
944 389 786 804 879 
945 223 866 812 905 
946 570 573 845 872 
947 168 810 823 855 
948 379 833 796 849 
949 796 786 804 389 
950 264 828 279 829 
951 837 867 824 896 
952 406 818 455 852 
953 387 849 820 904 
954 655 799 849 850 
955 442 437 373 817 
956 443 453 807 863 
957 445 201 780 881 
958 694 753 660 907 
959 751 693 661 908 
960 595 816 619 859 
961 693 647 823 844 
962 233 845 825 865 
963 565 824 588 867 
964 172 854 812 860 
965 287 249 811 841 
966 786 849 799 850 
967 258 217 860 884 
968 762 823 758 840 
969 817 836 675 864 
970 272 289 270 871 
971 634 681 723 807 
972 443 807 895 903 
973 633 722 680 806 
974 718 814 694 838 
975 634 723 773 807 
976 423 840 451 877 
977 771 722 633 806 
978 262 290 846 859 
979 380 507 412 861 
980 595 846 816 859 
981 664 852 320 862 
982 404 844 428 855 
983 590 580 848 896 
984 292 851 268 883 
985 659 712 818 831 
986 702 652 516 826 
987 556 843 857 871 
988 578 609 585 887 
989 694 838 814 907 
990 693 813 717 844 
991 408 826 454 873 
992 828 829 264 905 
993 168 811 810 855 
994 264 829 223 905 
995 429 422 469 810 
996 205 486 265 827 
997 755 656 813 868 
998 392 836 474 856 
999 201 780 477 445 
1000 674 313 639 817 
1001 406 347 326 870 
1002 172 171 808 819 
1003 773 723 826 895 
1004 409 499 511 903 
1005 172 808 854 860 
1006 606 614 554 858 
1007 816 846 595 865 
1008 617 857 584 858 
1009 524 833 527 904 
1010 408 446 832 873 
1011 168 811 611 841 
1012 507 380 504 861 
1013 443 895 826 903 
1014 243 821 236 841 
1015 316 818 701 870 
1016 805 170 821 885 
1017 443 826 409 903 
1018 234 865 825 886 
1019 813 844 693 908 
1020 578 835 609 887 
1021 690 820 689 850 
1022 246 846 816 865 
1023 762 754 466 840 
1024 358 318 167 811 
1025 291 843 834 883 
1026 423 805 840 877 
1027 753 819 660 907 
1028 455 852 818 888 
1029 609 876 585 887 
1030 776 765 658 784 
1031 399 863 814 891 
1032 404 428 381 855 
1033 703 676 836 856 
1034 665 806 680 852 
1035 486 265 827 867 
1036 279 822 829 887 
1037 249 811 841 842 
1038 598 816 595 865 
1039 415 431 847 894 
1040 447 831 818 870 
1041 578 822 835 887 
1042 574 834 573 872 
1043 502 211 219 860 
1044 221 869 264 905 
1045 438 441 372 850 
1046 228 829 822 890 
1047 353 356 324 836 
1048 172 808 173 861 
1049 726 875 683 891 
1050 167 168 647 855 
1051 508 211 860 902 
1052 594 830 824 886 
1053 279 829 828 887 
1054 172 173 808 860 
1055 566 824 565 867 
1056 808 860 173 861 
1057 328 407 340 852 
1058 263 854 821 885 
1059 702 707 652 826 
1060 644 670 632 831 
1061 442 401 817 864 
1062 647 661 693 823 
1063 574 822 834 872 
1064 773 826 723 873 
1065 803 795 388 864 
1066 674 639 675 817 
1067 369 748 466 823 
1068 784 847 658 897 
1069 236 841 821 899 
1070 403 833 495 878 
1071 630 821 554 899 
1072 407 385 340 852 
1073 273 843 857 858 
1074 594 824 567 886 
1075 605 827 603 898 
1076 360 302 548 815 
1077 412 413 861 884 
1078 808 861 413 884 
1079 708 809 692 864 
1080 809 850 730 879 
1081 607 854 821 866 
1082 258 860 808 884 
1083 656 637 755 813 
1084 783 659 775 881 
1085 409 511 384 903 
1086 546 549 534 906 
1087 428 844 823 855 
1088 281 239 822 835 
1089 608 570 568 825 
1090 311 360 548 815 
1091 400 849 387 904 
1092 298 261 260 846 
1093 751 661 823 908 
1094 447 818 406 870 
1095 577 816 598 845 
1096 203 465 418 809 
1097 313 353 639 836 
1098 459 400 387 904 
1099 168 823 647 855 
1100 805 423 840 889 
1101 243 841 236 899 
1102 423 425 805 877 
1103 798 787 445 881 
1104 664 665 680 852 
1105 588 837 824 896 
1106 373 434 442 864 
1107 172 560 812 854 
1108 236 243 244 821 
1109 425 427 470 877 
1110 503 506 492 838 
1111 605 603 552 898 
1112 262 290 246 846 
1113 703 676 639 836 
1114 502 508 211 860 
1115 169 840 810 885 
1116 517 828 208 869 
1117 694 814 753 907 
1118 580 824 594 830 
1119 784 765 658 847 
1120 526 564 562 837 
1121 494 173 860 861 
1122 569 567 825 886 
1123 700 833 686 849 
1124 751 813 693 908 
1125 545 534 837 906 
1126 574 573 570 872 
1127 399 814 391 891 
1128 257 808 258 854 
1129 751 637 693 813 
1130 694 638 753 814 
1131 580 588 824 896 
1132 621 851 352 910 
1133 707 723 826 873 
1134 396 780 770 818 
1135 663 818 712 870 
1136 605 568 566 827 
1137 576 890 839 900 
1138 443 409 384 903 
1139 697 790 800 836 
1140 784 658 684 897 
1141 250 841 810 885 
1142 705 640 686 904 
1143 793 833 792 849 
1144 257 258 241 854 
1145 382 406 326 870 
1146 223 222 812 866 
1147 548 535 311 815 
1148 416 809 730 879 
1149 443 384 863 903 
1150 708 204 654 809 
1151 810 811 252 874 
1152 824 247 886 896 
1153 828 585 876 887 
1154 744 530 481 820 
1155 614 630 554 899 
1156 171 170 805 877 
1157 221 223 222 812 
1158 713 847 832 894 
1159 220 812 222 854 
1160 830 886 247 896 
1161 438 820 441 850 
1162 729 373 437 817 
1163 834 845 573 872 
1164 713 658 832 847 
1165 289 857 843 871 
1166 551 311 535 815 
1167 762 758 747 840 
1168 742 310 359 817 
1169 812 211 869 902 
1170 736 678 636 850 
1171 658 832 847 873 
1172 659 712 663 818 
1173 556 857 348 871 
1174 296 215 252 874 
1175 383 403 522 878 
1176 325 621 352 910 
1177 693 637 717 813 
1178 295 262 846 859 
1179 599 816 577 851 
1180 694 718 638 814 
1181 245 246 816 865 
1182 759 875 391 891 
1183 380 412 413 861 
1184 201 787 433 897 
1185 568 605 608 835 
1186 292 291 834 883 
1187 409 826 499 903 
1188 569 865 594 886 
1189 822 281 835 887 
1190 408 497 518 832 
1191 611 168 167 811 
1192 403 394 495 833 
1193 257 808 854 893 
1194 643 700 792 833 
1195 778 868 769 909 
1196 785 800 790 836 
1197 169 747 758 840 
1198 825 845 233 872 
1199 473 814 838 907 
1200 578 822 608 835 
1201 329 348 616 857 
1202 473 814 393 838 
1203 239 230 822 872 
1204 569 594 567 886 
1205 596 592 846 853 
1206 583 843 582 900 
1207 475 833 379 849 
1208 358 331 318 811 
1209 607 821 630 866 
1210 219 217 480 860 
1211 759 752 745 891 
1212 744 481 728 820 
1213 220 222 241 854 
1214 771 818 722 888 
1215 551 361 311 815 
1216 217 480 860 884 
1217 766 783 775 881 
1218 263 256 854 885 
1219 567 565 566 824 
1220 228 225 829 890 
1221 466 452 429 840 
1222 239 825 232 872 
1223 590 848 837 896 
1224 658 765 776 873 
1225 565 588 564 867 
1226 292 834 845 883 
1227 256 854 805 893 
1228 793 796 833 849 
1229 742 727 310 817 
1230 692 679 635 809 
1231 517 208 491 869 
1232 812 866 560 905 
1233 556 616 348 857 
1234 695 863 667 891 
1235 344 815 563 859 
1236 408 454 446 873 
1237 431 832 847 878 
1238 590 580 591 848 
1239 569 825 865 886 
1240 313 674 341 817 
1241 219 211 220 860 
1242 172 819 808 861 
1243 517 488 274 876 
1244 425 805 877 893 
1245 727 743 310 817 
1246 523 552 603 898 
1247 407 440 385 852 
1248 649 664 338 862 
1249 761 840 747 877 
1250 598 845 816 865 
1251 421 299 364 889 
1252 237 839 890 900 
1253 551 625 361 815 
1254 580 590 588 896 
1255 741 728 481 820 
1256 788 684 631 897 
1257 810 855 811 874 
1258 553 859 816 910 
1259 744 711 530 820 
1260 573 845 834 883 
1261 621 599 851 910 
1262 172 808 171 854 
1263 314 719 856 870 
1264 780 766 831 881 
1265 830 846 260 865 
1266 414 376 791 836 
1267 277 536 285 815 
1268 788 794 684 897 
1269 261 298 307 853 
1270 803 809 785 864 
1271 795 836 388 864 
1272 824 886 830 896 
1273 414 791 831 856 
1274 389 441 849 850 
1275 406 407 347 852 
1276 617 584 583 858 
1277 841 842 606 858 
1278 605 552 835 898 
1279 328 347 407 852 
1280 169 758 823 840 
1281 259 827 265 867 
1282 557 496 603 827 
1283 335 332 321 844 
1284 710 742 359 817 
1285 364 215 810 889 
1286 213 811 249 842 
1287 511 863 384 903 
1288 438 739 820 850 
1289 252 810 250 811 
1290 395 813 472 844 
1291 630 614 839 899 
1292 402 351 856 870 
1293 483 526 837 867 
1294 604 519 558 828 
1295 346 270 317 871 
1296 310 743 362 817 
1297 414 836 791 856 
1298 273 286 843 858 
1299 237 286 839 900 
1300 571 570 573 845 
1301 260 846 246 865 
1302 447 406 382 870 
1303 169 823 810 840 
1304 452 422 840 889 
1305 816 851 599 910 
1306 741 481 532 820 
1307 573 577 845 883 
1308 514 301 255 837 
1309 609 835 876 887 
1310 385 440 450 862 
1311 518 487 516 826 
1312 773 826 873 895 
1313 223 829 866 905 
1314 343 312 218 815 
1315 219 258 217 860 
1316 796 379 793 833 
1317 522 403 495 878 
1318 670 831 856 870 
1319 389 850 849 879 
1320 649 665 664 862 
1321 658 847 765 873 
1322 799 786 850 879 
1323 237 843 286 900 
1324 232 825 233 872 
1325 279 228 822 887 
1326 606 841 611 842 
1327 588 590 837 896 
1328 252 250 287 811 
1329 209 889 424 893 
1330 556 843 584 857 
1331 237 839 227 890 
1332 340 320 852 862 
1333 386 356 342 817 
1334 754 466 748 762 
1335 500 558 519 828 
1336 171 819 757 877 
1337 695 814 863 891 
1338 707 641 723 873 
1339 810 811 168 841 
1340 519 828 604 876 
1341 373 729 733 809 
1342 170 169 821 885 
1343 472 844 813 908 
1344 691 735 740 817 
1345 253 259 867 892 
1346 828 264 869 905 
1347 219 480 502 860 
1348 443 384 453 863 
1349 239 230 281 822 
1350 287 249 213 811 
1351 596 592 593 846 
1352 283 274 876 887 
1353 594 580 567 824 
1354 527 524 495 833 
1355 417 434 373 809 
1356 243 841 250 885 
1357 536 544 285 815 
1358 320 338 664 862 
1359 828 869 558 905 
1360 408 383 497 832 
1361 605 835 827 898 
1362 238 247 830 886 
1363 323 358 167 811 
1364 523 603 827 898 
1365 839 858 583 900 
1366 491 208 276 869 
1367 415 833 403 878 
1368 251 805 885 889 
1369 225 839 829 890 
1370 447 430 831 870 
1371 261 295 846 853 
1372 221 812 211 869 
1373 553 619 816 859 
1374 426 413 819 861 
1375 539 615 848 906 
1376 678 679 654 809 
1377 459 387 527 904 
1378 697 836 800 864 
1379 167 323 811 855 
1380 721 692 635 864 
1381 500 558 828 869 
1382 279 828 264 887 
1383 372 416 734 850 
1384 761 757 819 877 
1385 617 606 842 858 
1386 656 696 637 813 
1387 243 287 250 841 
1388 469 422 364 810 
1389 816 845 245 865 
1390 247 248 830 896 
1391 232 239 280 825 
1392 618 843 556 871 
1393 803 785 795 864 
1394 221 812 869 905 
1395 275 208 274 828 
1396 648 838 819 861 
1397 642 706 722 818 
1398 259 205 265 827 
1399 415 403 431 878 
1400 251 209 805 889 
1401 830 848 248 882 
1402 461 362 743 817 
1403 800 836 785 864 
1404 496 827 557 867 
1405 786 389 796 849 
1406 389 849 786 879 
1407 667 863 807 891 
1408 670 856 719 870 
1409 731 679 736 809 
1410 460 741 532 820 
1411 207 851 350 871 
1412 314 856 351 870 
1413 801 794 788 897 
1414 523 603 496 827 
1415 430 856 831 870 
1416 415 847 371 894 
1417 621 325 553 910 
1418 612 560 866 905 
1419 277 285 295 815 
1420 701 818 663 870 
1421 402 856 430 870 
1422 610 815 547 853 
1423 690 849 820 850 
1424 767 367 806 880 
1425 676 644 836 856 
1426 418 809 416 879 
1427 704 790 697 836 
1428 171 805 170 854 
1429 440 806 852 888 
1430 314 349 719 870 
1431 553 816 599 910 
1432 406 455 407 852 
1433 228 225 279 829 
1434 441 820 849 850 
1435 415 793 833 894 
1436 477 433 201 445 
1437 223 264 279 829 
1438 253 259 265 867 
1439 757 660 753 819 
1440 169 841 821 885 
1441 480 494 529 860 
1442 257 854 256 893 
1443 346 348 857 871 
1444 251 805 256 885 
1445 695 650 667 863 
1446 713 832 878 894 
1447 696 665 649 862 
1448 617 606 611 842 
1449 658 847 684 897 
1450 480 494 860 884 
1451 423 452 451 840 
1452 405 505 504 861 
1453 785 803 203 809 
1454 738 732 689 820 
1455 686 849 833 904 
1456 313 356 353 836 
1457 483 255 214 837 
1458 422 364 810 889 
1459 445 780 396 831 
1460 662 713 658 832 
1461 209 805 889 893 
1462 552 876 835 898 
1463 242 841 243 899 
1464 536 815 277 853 
1465 614 858 839 899 
1466 705 669 524 833 
1467 204 800 785 809 
1468 405 504 380 861 
1469 517 500 828 869 
1470 220 211 221 812 
1471 684 847 631 897 
1472 617 842 561 857 
1473 238 247 248 830 
1474 598 571 845 865 
1475 256 805 854 885 
1476 798 802 787 881 
1477 552 523 498 898 
1478 500 587 558 869 
1479 291 269 843 883 
1480 705 524 640 904 
1481 518 499 409 826 
1482 808 884 439 893 
1483 670 712 831 870 
1484 598 595 572 865 
1485 378 391 399 814 
1486 662 832 658 873 
1487 271 884 808 893 
1488 631 847 713 894 
1489 737 729 437 817 
1490 445 831 798 881 
1491 253 867 824 892 
1492 624 592 853 882 
1493 416 418 417 809 
1494 765 847 779 873 
1495 485 833 669 878 
1496 418 465 434 809 
1497 493 838 715 861 
1498 578 608 609 835 
1499 594 865 830 886 
1500 414 474 376 836 
1501 621 553 599 910 
1502 432 449 199 875 
1503 405 838 505 861 
1504 314 351 349 870 
1505 643 833 792 894 
1506 576 581 601 829 
1507 714 332 322 844 
1508 209 256 251 805 
1509 755 868 813 901 
1510 493 503 715 838 
1511 248 848 830 896 
1512 593 592 591 830 
1513 235 260 246 865 
1514 364 299 215 889 
1515 593 846 830 865 
1516 298 830 248 882 
1517 456 814 399 863 
1518 819 838 426 861 
1519 234 233 232 825 
1520 388 836 401 864 
1521 708 654 692 809 
1522 389 436 441 850 
1523 317 270 207 871 
1524 754 365 466 840 
1525 827 867 259 892 
1526 510 587 500 869 
1527 807 863 667 903 
1528 408 518 409 826 
1529 312 288 815 859 
1530 231 292 291 834 
1531 529 494 173 860 
1532 637 751 755 813 
1533 172 812 613 860 
1534 317 207 350 871 
1535 644 704 676 836 
1536 169 810 841 885 
1537 360 343 302 815 
1538 283 275 274 887 
1539 653 655 716 850 
1540 225 839 226 899 
1541 507 861 494 884 
1542 223 829 225 866 
1543 553 325 859 910 
1544 751 661 758 823 
1545 800 785 809 864 
1546 778 782 868 909 
1547 612 560 607 866 
1548 583 584 582 843 
1549 233 245 845 865 
1550 765 847 784 897 
1551 402 382 351 870 
1552 271 439 884 893 
1553 514 255 483 837 
1554 457 398 813 862 
1555 545 623 589 837 
1556 295 815 288 859 
1557 555 592 624 882 
1558 396 818 447 831 
1559 812 222 854 866 
1560 555 543 848 882 
1561 223 225 224 866 
1562 224 225 226 899 
1563 292 245 816 845 
1564 703 671 676 856 
1565 208 828 264 869 
1566 725 806 665 868 
1567 379 796 389 849 
1568 366 807 453 875 
1569 562 515 526 837 
1570 389 436 850 879 
1571 544 548 302 815 
1572 237 286 227 839 
1573 306 268 816 910 
1574 171 170 821 854 
1575 424 299 421 889 
1576 806 868 782 880 
1577 545 837 589 906 
1578 806 880 367 901 
1579 214 253 265 867 
1580 276 208 264 869 
1581 442 388 401 864 
1582 213 249 284 842 
1583 442 401 386 817 
1584 283 876 835 887 
1585 655 849 690 850 
1586 767 806 782 880 
1587 414 474 836 856 
1588 663 701 706 818 
1589 432 875 199 909 
1590 840 885 805 889 
1591 274 283 876 898 
1592 399 456 473 814 
1593 405 426 838 861 
1594 615 539 589 906 
1595 607 630 612 866 
1596 816 859 290 910 
1597 277 815 295 853 
1598 288 218 312 815 
1599 255 837 301 906 
1600 279 281 228 887 
1601 215 251 810 889 
1602 599 598 577 816 
1603 426 838 819 907 
1604 416 730 850 879 
1605 648 819 172 861 
1606 428 823 411 855 
1607 292 834 231 845 
1608 725 633 806 868 
1609 508 869 211 902 
1610 585 586 581 905 
1611 312 815 344 859 
1612 683 764 875 909 
1613 593 830 594 865 
1614 281 822 228 887 
1615 246 290 245 816 
1616 263 224 236 821 
1617 486 525 265 867 
1618 275 279 264 887 
1619 224 821 263 866 
1620 457 398 472 813 
1621 169 168 810 823 
1622 702 487 645 832 
1623 200 682 763 868 
1624 656 725 665 868 
1625 255 301 293 906 
1626 613 860 812 902 
1627 754 749 467 877 
1628 339 561 842 857 
1629 236 821 224 899 
1630 556 618 584 843 
1631 576 839 579 900 
1632 753 638 756 814 
1633 778 782 806 868 
1634 540 853 210 882 
1635 235 830 260 865 
1636 242 858 841 899 
1637 715 838 648 861 
1638 586 828 558 905 
1639 770 375 396 818 
1640 517 491 500 869 
1641 835 876 283 898 
1642 583 579 839 900 
1643 713 631 658 847 
1644 275 264 828 887 
1645 249 842 841 858 
1646 204 809 203 879 
1647 467 749 368 877 
1648 821 866 224 899 
1649 231 845 834 872 
1650 683 875 764 891 
1651 769 868 682 909 
1652 497 487 518 832 
1653 810 885 840 889 
1654 428 429 411 823 
1655 304 857 842 858 
1656 382 326 351 870 
1657 609 835 552 876 
1658 260 235 238 830 
1659 821 854 805 885 
1660 556 584 616 857 
1661 167 811 168 855 
1662 782 880 868 909 
1663 263 854 222 866 
1664 263 821 854 866 
1665 778 806 633 868 
1666 593 572 846 865 
1667 171 821 607 854 
1668 609 605 552 835 
1669 572 595 846 865 
1670 747 169 724 840 
1671 323 811 855 874 
1672 555 543 615 848 
1673 506 505 393 838 
1674 718 694 688 838 
1675 204 785 203 809 
1676 238 830 235 886 
1677 322 323 167 855 
1678 485 524 669 833 
1679 454 873 826 895 
1680 607 560 171 854 
1681 268 851 816 910 
1682 614 583 839 858 
1683 788 195 684 794 
1684 693 717 687 844 
1685 778 769 782 909 
1686 295 262 261 846 
1687 544 535 548 815 
1688 214 255 254 837 
1689 268 292 245 816 
1690 415 793 379 833 
1691 454 374 873 895 
1692 827 835 266 898 
1693 413 439 470 808 
1694 319 337 284 842 
1695 347 316 326 870 
1696 313 342 356 817 
1697 339 329 561 857 
1698 473 838 420 907 
1699 718 672 695 814 
1700 576 601 579 839 
1701 466 429 369 823 
1702 652 516 826 903 
1703 723 681 707 826 
1704 690 820 849 904 
1705 562 623 515 837 
1706 717 696 673 813 
1707 230 872 229 890 
1708 171 170 607 821 
1709 426 413 427 819 
1710 251 885 810 889 
1711 619 595 598 816 
1712 557 827 566 867 
1713 234 235 233 865 
1714 209 256 805 893 
1715 284 206 319 842 
1716 215 251 250 810 
1717 424 209 299 889 
1718 563 597 622 859 
1719 244 263 821 885 
1720 595 597 846 859 
1721 830 865 235 886 
1722 823 844 428 908 
1723 250 810 251 885 
1724 519 517 828 876 
1725 686 700 643 833 
1726 434 388 442 864 
1727 512 530 711 820 
1728 517 500 519 828 
1729 249 841 242 858 
1730 554 821 169 841 
1731 700 655 792 849 
1732 415 431 371 847 
1733 699 881 202 897 
1734 470 808 439 893 
1735 244 243 250 885 
1736 281 283 239 835 
1737 341 710 359 817 
1738 381 336 333 855 
1739 785 836 795 864 
1740 593 594 572 865 
1741 311 343 360 815 
1742 207 267 350 851 
1743 744 728 738 820 
1744 711 744 738 820 
1745 285 544 302 815 
1746 593 572 595 846 
1747 792 799 786 849 
1748 415 371 793 894 
1749 585 828 586 905 
1750 557 603 566 827 
1751 805 854 808 893 
1752 777 634 773 807 
1753 513 387 820 904 
1754 564 588 562 837 
1755 633 778 771 806 
1756 683 875 777 909 
1757 411 469 435 874 
1758 439 808 413 884 
1759 736 636 732 850 
1760 430 414 831 856 
1761 486 827 496 867 
1762 779 847 397 873 
1763 199 880 432 909 
1764 655 799 792 849 
1765 307 853 298 882 
1766 418 203 809 879 
1767 215 250 252 810 
1768 612 866 829 905 
1769 520 645 487 832 
1770 650 667 863 903 
1771 376 795 791 836 
1772 397 847 832 873 
1773 381 410 336 855 
1774 229 872 834 890 
1775 230 822 872 890 
1776 339 627 318 842 
1777 737 461 743 817 
1778 271 258 808 884 
1779 334 335 395 844 
1780 775 659 642 818 
1781 729 740 735 817 
1782 624 559 542 853 
1783 291 237 834 843 
1784 495 833 485 878 
1785 668 713 878 894 
1786 767 806 367 888 
1787 452 840 423 889 
1788 682 769 778 868 
1789 450 862 806 901 
1790 283 835 281 887 
1791 595 619 597 859 
1792 849 850 786 879 
1793 631 684 658 847 
1794 737 743 727 817 
1795 257 241 256 854 
1796 676 675 639 836 
1797 613 172 560 812 
1798 405 380 426 861 
1799 513 527 387 904 
1800 245 235 246 865 
1801 755 746 868 901 
1802 432 774 875 909 
1803 688 715 503 838 
1804 650 509 666 903 
1805 714 687 332 844 
1806 512 481 530 820 
1807 393 505 405 838 
1808 268 851 269 883 
1809 341 359 310 817 
1810 214 265 525 867 
1811 749 819 368 877 
1812 574 575 573 834 
1813 370 414 791 831 
1814 258 219 220 860 
1815 269 851 207 871 
1816 269 871 843 883 
1817 486 827 205 898 
1818 306 268 245 816 
1819 366 453 391 875 
1820 598 572 571 865 
1821 614 583 579 839 
1822 616 561 329 857 
1823 777 807 781 875 
1824 206 319 842 857 
1825 799 204 786 879 
1826 340 320 328 852 
1827 667 807 726 891 
1828 323 309 811 874 
1829 403 415 394 833 
1830 505 838 493 861 
1831 499 826 516 903 
1832 294 811 309 874 
1833 338 330 321 862 
1834 492 501 509 863 
1835 650 863 509 903 
1836 397 772 779 873 
1837 768 807 366 875 
1838 218 288 295 815 
1839 276 211 508 869 
1840 794 881 699 897 
1841 454 826 443 895 
1842 172 171 560 854 
1843 371 847 793 894 
1844 315 350 267 851 
1845 676 671 644 856 
1846 419 844 472 908 
1847 339 842 319 857 
1848 388 795 376 836 
1849 257 271 808 893 
1850 588 565 580 824 
1851 726 667 634 807 
1852 475 379 400 849 
1853 408 446 383 832 
1854 665 725 633 806 
1855 426 380 413 861 
1856 304 273 857 858 
1857 292 269 291 883 
1858 567 568 569 825 
1859 617 561 584 857 
1860 630 607 554 821 
1861 520 832 497 878 
1862 486 523 496 827 
1863 578 574 608 822 
1864 200 682 868 909 
1865 215 299 251 889 
1866 843 883 602 900 
1867 402 430 382 870 
1868 502 508 860 902 
1869 169 810 168 841 
1870 761 753 749 819 
1871 802 787 881 897 
1872 231 834 229 872 
1873 244 256 263 885 
1874 599 553 619 816 
1875 652 490 516 903 
1876 218 302 343 815 
1877 323 309 358 811 
1878 507 504 494 861 
1879 580 594 591 830 
1880 690 849 709 904 
1881 233 235 245 865 
1882 269 851 871 883 
1883 242 243 236 899 
1884 407 440 852 888 
1885 397 832 446 873 
1886 847 878 832 894 
1887 436 416 372 850 
1888 772 873 374 895 
1889 234 235 865 886 
1890 759 745 875 891 
1891 375 455 818 888 
1892 515 482 514 837 
1893 315 851 267 910 
1894 468 390 367 880 
1895 216 541 848 906 
1896 604 828 585 876 
1897 242 249 243 841 
1898 404 334 395 844 
1899 348 329 346 857 
1900 632 670 712 831 
1901 365 452 466 840 
1902 638 756 814 891 
1903 169 758 661 823 
1904 716 655 690 850 
1905 749 819 753 907 
1906 257 271 258 808 
1907 781 773 768 807 
1908 747 169 758 724 
1909 390 367 880 901 
1910 724 747 171 757 
1911 721 817 675 864 
1912 447 455 406 818 
1913 271 217 258 884 
1914 624 853 538 882 
1915 768 781 807 875 
1916 702 645 662 832 
1917 450 806 367 901 
1918 433 476 201 897 
1919 47 219 502 211 
1920 675 836 697 864 
1921 755 813 746 901 
1922 289 843 269 871 
1923 241 222 263 854 
1924 368 426 819 907 
1925 622 553 355 859 
1926 473 393 420 838 
1927 355 312 344 859 
1928 407 852 455 888 
1929 446 454 374 873 
1930 767 771 782 806 
1931 664 651 320 852 
1932 634 667 681 807 
1933 680 665 633 806 
1934 292 268 269 883 
1935 751 762 748 823 
1936 772 765 779 873 
1937 571 577 598 845 
1938 630 614 601 839 
1939 452 365 451 840 
1940 569 572 594 865 
1941 458 401 474 836 
1942 660 757 171 819 
1943 667 681 807 903 
1944 834 602 883 900 
1945 444 787 797 897 
1946 283 266 239 835 
1947 172 648 660 819 
1948 767 468 367 880 
1949 837 896 848 906 
1950 502 860 489 902 
1951 571 572 569 865 
1952 274 876 488 898 
1953 430 396 447 831 
1954 368 819 749 907 
1955 375 818 770 888 
1956 486 523 827 898 
1957 499 516 490 903 
1958 868 880 200 909 
1959 774 471 432 875 
1960 522 520 497 878 
1961 491 276 508 869 
1962 768 366 807 895 
1963 433 787 444 897 
1964 800 708 697 864 
1965 545 589 539 906 
1966 674 710 341 817 
1967 625 344 361 815 
1968 666 509 490 903 
1969 467 754 119 749 
1970 739 732 820 850 
1971 779 201 476 897 
1972 777 875 781 909 
1973 212 290 859 910 
1974 333 58 336 381 
1975 440 367 806 888 
1976 407 455 440 888 
1977 757 753 761 819 
1978 490 652 666 903 
1979 170 724 169 840 
1980 231 233 845 872 
1981 380 504 97 507 
1982 638 814 695 891 
1983 351 324 402 856 
1984 615 543 539 848 
1985 287 243 249 841 
1986 604 558 585 828 
1987 170 169 554 821 
1988 211 508 46 276 
1989 839 858 286 899 
1990 792 833 793 894 
1991 120 466 748 754 
1992 625 551 547 815 
1993 705 686 669 833 
1994 650 509 672 148 
1995 365 840 754 877 
1996 774 768 471 875 
1997 447 382 430 870 
1998 768 807 773 895 
1999 445 780 477 396 
2000 426 420 838 907 
2001 503 493 505 838 
2002 711 738 689 820 
2003 602 582 843 900 
2004 721 691 675 817 
2005 573 834 602 883 
2006 560 629 812 905 
2007 379 389 400 849 
2008 730 734 416 850 
2009 260 248 298 830 
2010 84 649 338 673 
2011 419 428 844 908 
2012 226 839 286 899 
2013 355 553 325 859 
2014 432 880 774 909 
2015 295 288 262 859 
2016 502 489 508 902 
2017 371 797 793 847 
2018 227 839 225 890 
2019 410 336 58 381 
2020 659 663 642 818 
2021 716 636 678 850 
2022 761 819 749 877 
2023 647 687 714 844 
2024 789 831 632 881 
2025 498 876 552 898 
2026 581 612 601 829 
2027 352 620 327 851 
2028 240 824 247 886 
2029 278 248 848 882 
2030 750 813 377 901 
2031 449 432 471 875 
2032 97 380 507 412 
2033 777 773 781 807 
2034 754 761 749 877 
2035 334 59 333 404 
2036 485 495 524 833 
2037 98 405 505 504 
2038 526 515 483 837 
2039 274 488 282 898 
2040 573 577 571 845 
2041 392 402 324 856 
2042 322 332 334 844 
2043 344 312 343 815 
2044 404 59 333 381 
2045 508 47 502 211 
2046 377 760 750 901 
2047 576 574 578 822 
2048 316 701 646 870 
2049 730 731 736 809 
2050 735 731 729 809 
2051 285 302 218 815 
2052 98 405 504 380 
2053 650 149 666 509 
2054 85 649 664 338 
2055 297 848 248 896 
2056 437 461 737 817 
2057 270 269 207 871 
2058 782 771 778 806 
2059 266 835 283 898 
2060 648 172 173 861 
2061 514 483 515 837 
2062 501 456 101 863 
2063 629 902 812 905 
2064 492 672 147 688 
2065 408 409 454 826 
2066 327 851 620 871 
2067 673 321 83 687 
2068 365 451 840 877 
2069 251 299 209 889 
2070 632 831 659 881 
2071 415 379 475 833 
2072 416 850 436 879 
2073 341 342 313 817 
2074 330 62 457 862 
2075 540 536 210 853 
2076 589 623 562 837 
2077 758 762 751 823 
2078 777 683 634 726 
2079 596 595 597 846 
2080 509 492 672 148 
2081 536 547 815 853 
2082 713 832 645 878 
2083 375 455 447 818 
2084 419 395 472 844 
2085 369 823 428 908 
2086 700 686 655 849 
2087 345 320 651 852 
2088 321 332 83 687 
2089 228 822 230 890 
2090 443 454 409 826 
2091 397 374 772 873 
2092 688 147 492 503 
2093 588 590 589 837 
2094 321 84 338 673 
2095 629 587 902 905 
2096 801 793 847 894 
2097 325 354 859 910 
2098 801 793 797 847 
2099 750 746 813 901 
2100 573 602 577 883 
2101 654 679 692 809 
2102 172 613 173 860 
2103 693 687 647 844 
2104 365 754 467 877 
2105 767 367 479 888 
2106 221 222 220 812 
2107 688 648 715 838 
2108 216 541 537 848 
2109 508 491 46 276 
2110 433 444 476 897 
2111 659 632 712 831 
2112 751 823 748 908 
2113 272 346 319 857 
2114 600 851 577 883 
2115 801 788 793 894 
2116 529 173 489 860 
2117 748 823 369 908 
2118 557 566 565 867 
2119 532 513 460 820 
2120 389 441 400 849 
2121 545 546 534 906 
2122 686 709 849 904 
2123 518 409 499 103 
2124 461 342 362 817 
2125 347 328 345 852 
2126 395 334 60 335 
2127 393 506 99 505 
2128 566 603 605 827 
2129 704 697 676 836 
2130 637 696 717 813 
2131 834 883 843 900 
2132 638 718 695 814 
2133 554 607 170 821 
2134 645 832 520 878 
2135 747 761 762 840 
2136 330 340 62 862 
2137 407 328 64 347 
2138 587 138 510 500 
2139 501 101 511 863 
2140 538 624 542 853 
2141 460 739 741 820 
2142 196 789 632 881 
2143 742 710 740 817 
2144 489 860 173 902 
2145 551 535 547 815 
2146 750 377 813 908 
2147 518 516 499 826 
2148 486 205 521 898 
2149 627 339 561 842 
2150 410 336 855 874 
2151 337 331 21 284 
2152 418 434 417 809 
2153 377 750 760 122 
2154 524 527 484 904 
2155 752 814 378 907 
2156 177 678 736 679 
2157 206 272 319 857 
2158 244 263 236 821 
2159 794 789 196 881 
2160 205 827 266 898 
2161 618 602 582 843 
2162 276 491 45 208 
2163 767 774 468 880 
2164 417 112 733 373 
2165 350 851 327 871 
2166 368 427 467 877 
2167 406 407 64 347 
2168 231 291 229 834 
2169 103 518 409 408 
2170 202 684 699 897 
2171 263 256 241 854 
2172 771 806 767 888 
2173 729 731 733 809 
2174 694 648 688 838 
2175 869 902 587 905 
2176 624 592 559 853 
2177 646 670 719 870 
2178 230 231 229 872 
2179 281 230 228 822 
2180 440 479 367 888 
2181 736 678 178 636 
2182 500 587 138 558 
2183 274 208 44 517 
2184 707 662 641 873 
2185 602 843 618 883 
2186 450 440 367 806 
2187 470 439 363 893 
2188 697 675 676 836 
2189 375 447 396 818 
2190 338 664 85 320 
2191 490 666 149 509 
2192 417 113 416 733 
2193 280 234 825 892 
2194 752 759 117 378 
2195 739 734 732 850 
2196 521 205 282 898 
2197 613 560 629 812 
2198 361 344 311 815 
2199 366 443 453 807 
2200 683 200 764 909 
2201 352 851 315 910 
2202 501 506 100 456 
2203 677 512 711 820 
2204 733 731 730 809 
2205 742 740 727 817 
2206 669 833 643 894 
2207 272 24 346 270 
2208 266 827 259 892 
2209 629 613 812 902 
2210 431 832 397 847 
2211 499 490 511 903 
2212 662 658 641 873 
2213 278 216 537 848 
2214 525 483 214 867 
2215 232 280 234 825 
2216 61 330 457 335 
2217 496 557 143 867 
2218 708 692 697 864 
2219 249 304 842 858 
2220 319 337 22 284 
2221 698 682 200 909 
2222 813 862 398 901 
2223 684 794 699 897 
2224 253 247 240 824 
2225 523 552 141 603 
2226 294 20 309 331 
2227 544 536 547 815 
2228 253 824 240 892 
2229 604 585 609 876 
2230 519 139 604 558 
2231 547 610 625 815 
2232 210 536 277 853 
2233 339 319 329 857 
2234 802 791 789 831 
2235 139 519 500 558 
2236 728 741 739 820 
2237 206 842 304 857 
2238 584 561 616 857 
2239 628 489 173 902 
2240 834 872 822 890 
2241 669 878 833 894 
2242 208 491 45 517 
2243 63 328 407 340 
2244 568 570 569 825 
2245 247 824 253 896 
2246 206 319 22 284 
2247 319 23 346 272 
2248 621 620 352 851 
2249 259 266 205 827 
2250 384 101 456 863 
2251 385 457 62 862 
2252 346 317 348 871 
2253 229 834 237 890 
2254 234 886 825 892 
2255 444 797 847 897 
2256 291 269 237 843 
2257 585 558 586 828 
2258 264 208 275 828 
2259 668 713 645 878 
2260 210 277 307 853 
2261 739 732 738 820 
2262 273 843 289 857 
2263 843 871 618 883 
2264 173 860 613 902 
2265 503 505 506 838 
2266 349 316 646 870 
2267 494 493 173 861 
2268 252 811 294 874 
2269 449 759 199 875 
2270 737 740 729 817 
2271 405 393 99 505 
2272 404 334 60 395 
2273 323 855 336 874 
2274 388 376 401 836 
2275 430 402 414 856 
2276 497 518 104 408 
2277 681 652 826 903 
2278 725 682 633 868 
2279 481 513 532 820 
2280 567 580 565 824 
2281 270 289 269 871 
2282 646 701 663 870 
2283 195 684 631 788 
2284 226 225 227 839 
2285 297 216 848 906 
2286 406 65 326 347 
2287 310 362 342 817 
2288 626 559 596 853 
2289 472 813 377 908 
2290 299 421 34 424 
2291 647 168 661 823 
2292 102 511 409 499 
2293 308 254 255 837 
2294 432 199 448 880 
2295 378 814 473 907 
2296 614 606 583 858 
2297 326 382 65 406 
2298 612 829 581 905 
2299 698 769 682 909 
2300 389 804 463 879 
2301 104 383 497 408 
2302 23 319 206 272 
2303 394 495 459 107 
2304 68 458 392 324 
2305 522 495 485 878 
2306 337 319 339 842 
2307 658 776 641 873 
2308 798 831 802 881 
2309 436 372 441 850 
2310 262 212 290 859 
2311 261 307 295 853 
2312 520 487 497 832 
2313 279 225 223 829 
2314 267 851 268 910 
2315 393 100 506 456 
2316 368 819 427 877 
2317 798 370 791 831 
2318 231 232 233 872 
2319 207 268 267 851 
2320 340 385 62 862 
2321 498 552 141 523 
2322 366 443 807 895 
2323 768 366 471 875 
2324 682 200 763 698 
2325 646 719 349 870 
2326 579 601 614 839 
2327 602 834 575 900 
2328 395 61 457 335 
2329 229 291 237 834 
2330 410 855 411 874 
2331 690 655 709 849 
2332 384 511 101 863 
2333 431 446 397 832 
2334 309 331 358 811 
2335 248 260 238 830 
2336 16 763 200 698 
2337 274 282 283 898 
2338 521 282 488 898 
2339 684 202 784 897 
2340 318 337 339 842 
2341 215 296 32 364 
2342 385 63 407 340 
2343 760 390 377 122 
2344 450 367 390 901 
2345 609 608 605 835 
2346 239 232 230 872 
2347 33 364 421 299 
2348 587 869 510 902 
2349 697 790 704 800 
2350 377 390 760 901 
2351 560 612 629 905 
2352 735 635 176 679 
2353 519 488 517 876 
2354 739 460 438 820 
2355 426 420 405 838 
2356 652 707 681 826 
2357 517 44 274 488 
2358 754 840 761 877 
2359 173 715 648 861 
2360 762 761 754 840 
2361 296 435 32 364 
2362 509 863 490 903 
2363 606 168 611 841 
2364 689 690 677 820 
2365 767 126 468 774 
2366 404 419 428 844 
2367 391 117 759 378 
2368 286 226 227 839 
2369 20 294 213 331 
2370 260 261 246 846 
2371 382 66 351 326 
2372 140 604 552 876 
2373 599 577 600 851 
2374 150 666 490 652 
2375 320 664 86 651 
2376 308 254 837 896 
2377 798 791 802 831 
2378 282 521 42 205 
2379 671 314 719 856 
2380 322 333 323 855 
2381 753 814 752 907 
2382 270 24 346 317 
2383 637 751 693 185 
2384 297 848 896 906 
2385 753 182 638 694 
2386 505 493 504 861 
2387 383 105 497 522 
2388 750 813 751 908 
2389 662 645 713 832 
2390 409 384 511 102 
2391 450 398 862 901 
2392 297 278 248 848 
2393 471 774 125 768 
2394 670 671 719 856 
2395 270 207 25 317 
2396 276 221 211 869 
2397 540 538 853 882 
2398 372 115 438 734 
2399 710 674 691 817 
2400 344 625 563 815 
2401 606 554 169 841 
2402 769 683 777 909 
2403 490 863 511 903 
2404 334 332 335 844 
2405 670 644 671 856 
2406 414 392 474 856 
2407 210 853 307 882 
2408 278 297 216 848 
2409 66 351 402 382 
2410 354 212 288 859 
2411 114 734 372 416 
2412 140 552 498 876 
2413 238 240 247 886 
2414 800 790 704 198 
2415 249 242 304 858 
2416 536 542 547 853 
2417 496 557 603 142 
2418 354 212 859 910 
2419 290 306 816 910 
2420 677 820 690 904 
2421 43 274 488 282 
2422 352 350 315 851 
2423 620 851 600 871 
2424 422 421 364 889 
2425 105 383 403 522 
2426 573 575 602 834 
2427 276 264 221 869 
2428 539 848 541 906 
2429 428 411 381 855 
2430 674 675 691 817 
2431 553 597 619 859 
2432 493 715 173 861 
2433 502 480 529 860 
2434 261 262 246 846 
2435 610 563 625 815 
2436 430 414 370 831 
2437 594 593 591 830 
2438 670 646 712 870 
2439 677 711 689 820 
2440 200 683 698 909 
2441 632 659 685 881 
2442 706 642 663 818 
2443 789 802 831 881 
2444 308 837 255 906 
2445 196 632 685 881 
2446 555 615 590 848 
2447 638 695 657 891 
2448 669 686 643 833 
2449 486 521 523 898 
2450 355 325 354 859 
2451 313 92 674 639 
2452 363 35 424 893 
2453 185 751 693 661 
2454 424 34 299 209 
2455 746 200 868 880 
2456 523 496 603 142 
2457 377 813 398 901 
2458 794 685 699 881 
2459 387 441 438 820 
2460 660 182 753 694 
2461 669 668 878 894 
2462 656 755 763 868 
2463 437 442 386 817 
2464 868 880 806 901 
2465 331 213 21 284 
2466 490 509 511 863 
2467 669 643 668 894 
2468 394 415 475 833 
2469 320 340 338 862 
2470 519 604 140 876 
2471 245 290 306 816 
2472 397 779 476 847 
2473 745 875 764 909 
2474 583 606 617 858 
2475 300 363 36 439 
2476 207 350 25 317 
2477 345 320 86 651 
2478 278 298 248 882 
2479 652 490 150 516 
2480 207 269 268 851 
2481 314 671 90 703 
2482 798 445 370 831 
2483 353 324 314 856 
2484 14 173 494 493 
2485 7 167 322 323 
2486 242 286 858 899 
2487 496 143 526 867 
2488 710 691 740 817 
2489 657 683 764 891 
2490 229 228 230 890 
2491 460 513 387 820 
2492 651 87 345 701 
2493 652 151 702 516 
2494 564 562 144 526 
2495 764 875 745 891 
2496 486 496 525 867 
2497 342 461 386 817 
2498 699 685 202 881 
2499 202 685 783 881 
2500 770 818 771 888 
2501 495 527 459 107 
2502 68 458 324 356 
2503 667 726 657 891 
2504 802 881 794 897 
2505 325 621 78 352 
2506 304 286 273 858 
2507 175 635 735 691 
2508 374 454 478 895 
2509 420 393 405 838 
2510 398 377 472 813 
2511 316 88 646 701 
2512 645 487 702 152 
2513 537 848 543 882 
2514 488 521 43 282 
2515 399 473 378 814 
2516 369 429 428 823 
2517 368 426 427 819 
2518 519 140 498 876 
2519 10 448 432 199 
2520 214 483 39 255 
2521 277 295 307 853 
2522 794 196 685 881 
2523 460 387 438 820 
2524 314 324 351 856 
2525 781 768 774 875 
2526 364 33 215 299 
2527 386 461 437 817 
2528 788 194 792 894 
2529 242 226 286 899 
2530 709 655 686 849 
2531 432 10 199 449 
2532 265 205 41 486 
2533 657 726 683 891 
2534 224 263 222 866 
2535 706 651 680 852 
2536 746 200 763 868 
2537 597 553 622 859 
2538 397 446 374 873 
2539 736 732 730 850 
2540 627 561 611 842 
2541 596 559 592 853 
2542 218 295 285 815 
2543 783 685 659 881 
2544 228 227 225 890 
2545 636 716 690 850 
2546 197 789 790 644 
2547 508 510 869 902 
2548 770 767 479 888 
2549 674 341 92 313 
2550 325 352 315 910 
2551 555 590 591 848 
2552 240 886 234 892 
2553 237 273 286 843 
2554 390 448 760 880 
2555 368 420 426 907 
2556 205 521 42 486 
2557 618 582 584 843 
2558 353 314 90 703 
2559 677 512 820 904 
2560 695 667 657 891 
2561 255 483 39 514 
2562 390 880 760 901 
2563 327 350 352 851 
2564 638 657 756 891 
2565 252 213 294 811 
2566 306 267 268 910 
2567 664 680 651 852 
2568 419 369 428 908 
2569 524 484 640 904 
2570 363 300 35 893 
2571 729 373 111 437 
2572 293 308 255 906 
2573 209 424 35 893 
2574 645 520 487 152 
2575 349 88 646 316 
2576 351 326 349 870 
2577 179 636 689 732 
2578 289 237 269 843 
2579 201 202 881 897 
2580 376 791 133 414 
2581 595 596 593 846 
2582 793 130 415 379 
2583 543 555 163 624 
2584 303 528 217 884 
2585 751 185 758 661 
2586 200 745 764 909 
2587 757 660 182 753 
2588 802 789 794 881 
2589 26 267 350 207 
2590 282 205 266 898 
2591 317 350 327 871 
2592 308 896 837 906 
2593 305 294 357 874 
2594 525 40 265 214 
2595 395 419 404 844 
2596 660 171 172 819 
2597 633 682 778 868 
2598 510 500 491 869 
2599 284 304 206 842 
2600 209 257 256 893 
2601 280 240 234 892 
2602 403 495 106 522 
2603 402 351 67 324 
2604 247 297 248 896 
2605 266 259 280 892 
2606 329 74 339 561 
2607 323 336 309 874 
2608 765 779 847 897 
2609 446 431 383 832 
2610 51 277 536 285 
2611 643 792 194 894 
2612 397 476 444 847 
2613 287 213 252 811 
2614 348 327 556 871 
2615 544 51 536 285 
2616 312 354 288 859 
2617 452 423 422 889 
2618 498 488 876 898 
2619 557 565 564 867 
2620 381 411 410 855 
2621 468 774 432 880 
2622 459 387 108 527 
2623 69 458 356 386 
2624 410 411 435 874 
2625 336 323 333 855 
2626 800 704 697 198 
2627 663 712 646 870 
2628 622 79 355 553 
2629 686 640 709 904 
2630 106 394 495 403 
2631 392 402 67 324 
2632 529 173 14 489 
2633 167 7 318 358 
2634 273 289 272 857 
2635 78 553 621 325 
2636 392 414 402 856 
2637 750 760 746 901 
2638 195 699 684 794 
2639 556 327 620 871 
2640 699 794 196 685 
2641 556 348 76 327 
2642 223 224 222 866 
2643 374 478 772 895 
2644 450 398 385 862 
2645 589 562 588 837 
2646 439 462 303 884 
2647 74 329 616 561 
2648 650 666 667 903 
2649 600 871 851 883 
2650 399 453 384 863 
2651 240 824 886 892 
2652 209 35 300 893 
2653 271 300 36 439 
2654 427 425 451 877 
2655 575 576 579 900 
2656 7 167 323 358 
2657 14 173 529 494 
2658 802 801 787 897 
2659 542 559 161 610 
2660 253 240 259 892 
2661 254 247 253 896 
2662 563 610 626 815 
2663 600 618 871 883 
2664 112 733 373 729 
2665 480 507 494 884 
2666 720 645 520 878 
2667 683 769 698 909 
2668 327 76 556 620 
2669 737 729 111 437 
2670 53 540 210 882 
2671 528 480 217 884 
2672 736 731 177 679 
2673 185 637 751 755 
2674 179 689 738 732 
2675 316 345 87 701 
2676 487 702 151 516 
2677 421 423 424 889 
2678 412 439 413 884 
2679 199 200 880 909 
2680 583 582 579 900 
2681 730 416 113 733 
2682 449 391 759 875 
2683 391 471 366 875 
2684 636 178 736 732 
2685 812 902 869 905 
2686 629 587 613 902 
2687 513 820 512 904 
2688 286 304 242 858 
2689 611 561 617 842 
2690 543 537 539 848 
2691 510 491 508 869 
2692 681 666 652 903 
2693 633 771 191 722 
2694 634 723 188 773 
2695 529 489 502 860 
2696 661 168 169 823 
2697 629 586 587 905 
2698 734 730 732 850 
2699 18 708 204 654 
2700 780 128 396 770 
2701 779 772 397 123 
2702 770 479 767 127 
2703 709 677 690 904 
2704 119 368 467 749 
2705 292 231 233 845 
2706 348 75 329 616 
2707 783 202 17 685 
2708 278 848 537 882 
2709 804 203 12 463 
2710 539 537 541 848 
2711 538 536 540 853 
2712 365 467 451 877 
2713 553 79 355 325 
2714 343 311 344 815 
2715 26 267 315 350 
2716 748 369 466 120 
2717 271 439 303 884 
2718 297 896 308 906 
2719 655 700 792 193 
2720 292 233 245 845 
2721 782 774 767 880 
2722 760 880 746 901 
2723 478 454 443 895 
2724 498 521 488 898 
2725 357 336 410 874 
2726 282 266 283 898 
2727 619 598 599 816 
2728 489 173 14 628 
2729 764 16 200 683 
2730 474 401 376 836 
2731 792 655 193 799 
2732 668 631 713 894 
2733 788 792 793 894 
2734 756 657 764 891 
2735 485 669 720 878 
2736 53 210 278 882 
2737 535 544 547 815 
2738 320 345 328 852 
2739 357 410 464 874 
2740 464 296 305 874 
2741 182 638 756 753 
2742 498 523 521 898 
2743 481 512 513 820 
2744 342 341 310 817 
2745 768 478 366 895 
2746 746 880 868 901 
2747 525 265 41 486 
2748 797 801 847 897 
2749 463 203 12 418 
2750 797 787 801 897 
2751 526 562 144 515 
2752 188 723 641 776 
2753 445 396 370 831 
2754 375 396 128 770 
2755 418 203 12 465 
2756 210 540 52 536 
2757 374 397 772 123 
2758 463 804 203 879 
2759 684 17 202 699 
2760 699 17 202 685 
2761 604 609 552 876 
2762 294 309 357 874 
2763 802 794 801 897 
2764 257 300 271 893 
2765 56 293 301 549 
2766 738 728 739 820 
2767 273 237 289 843 
2768 467 754 365 119 
2769 204 653 18 654 
2770 737 727 740 817 
2771 786 204 203 879 
2772 541 54 216 537 
2773 201 766 780 881 
2774 616 348 75 556 
2775 466 120 365 754 
2776 697 692 721 864 
2777 440 455 479 888 
2778 7 167 318 627 
2779 234 238 235 886 
2780 130 793 796 379 
2781 326 316 349 870 
2782 582 602 575 900 
2783 288 212 262 859 
2784 28 288 354 212 
2785 384 456 399 863 
2786 457 385 398 862 
2787 468 448 390 880 
2788 462 303 37 439 
2789 723 188 773 776 
2790 563 80 344 622 
2791 770 479 375 888 
2792 278 216 54 537 
2793 746 199 200 880 
2794 760 448 199 880 
2795 615 555 164 543 
2796 424 425 363 893 
2797 176 731 735 679 
2798 277 210 52 536 
2799 387 513 108 527 
2800 386 356 69 342 
2801 346 329 319 857 
2802 327 352 77 620 
2803 620 621 600 851 
2804 739 438 115 734 
2805 528 412 507 884 
2806 14 173 493 715 
2807 7 167 714 322 
2808 303 528 49 217 
2809 683 16 200 698 
2810 542 536 538 853 
2811 612 581 586 905 
2812 763 16 682 698 
2813 734 114 730 416 
2814 503 493 715 146 
2815 322 714 82 332 
2816 464 305 357 874 
2817 163 538 543 624 
2818 389 463 436 879 
2819 773 873 772 895 
2820 769 777 781 909 
2821 137 489 628 902 
2822 631 194 788 894 
2823 792 643 194 700 
2824 462 412 528 884 
2825 542 624 162 559 
2826 547 542 161 610 
2827 203 418 463 879 
2828 199 875 745 909 
2829 126 432 468 774 
2830 778 633 771 191 
2831 188 777 634 773 
2832 355 344 80 622 
2833 485 720 520 878 
2834 191 771 775 722 
2835 795 376 791 133 
2836 202 784 17 684 
2837 125 432 774 471 
2838 155 705 524 640 
2839 165 589 615 539 
2840 642 191 775 722 
2841 297 308 216 906 
2842 744 530 159 481 
2843 360 71 311 548 
2844 528 96 507 412 
2845 464 435 296 874 
2846 735 175 691 740 
2847 206 304 273 857 
2848 789 197 632 644 
2849 336 57 357 410 
2850 531 135 549 482 
2851 359 742 95 310 
2852 271 37 303 439 
2853 217 528 49 480 
2854 352 621 77 620 
2855 40 525 483 214 
2856 355 354 312 859 
2857 366 478 443 895 
2858 621 599 600 851 
2859 545 589 165 539 
2860 338 340 330 862 
2861 509 501 511 863 
2862 371 130 415 793 
2863 370 133 791 414 
2864 199 745 200 909 
2865 512 677 156 904 
2866 656 763 682 868 
2867 721 675 697 864 
2868 96 528 462 412 
2869 534 482 136 550 
2870 548 71 311 535 
2871 727 94 310 743 
2872 728 744 159 481 
2873 464 357 57 410 
2874 433 476 11 201 
2875 477 433 11 201 
2876 600 618 556 871 
2877 339 73 318 627 
2878 774 781 875 909 
2879 471 391 449 875 
2880 135 534 549 482 
2881 311 72 551 535 
2882 741 728 158 481 
2883 310 742 95 727 
2884 131 797 444 787 
2885 445 132 787 798 
2886 606 169 168 841 
2887 53 537 540 882 
2888 284 249 304 842 
2889 478 124 772 895 
2890 688 503 715 146 
2891 332 714 82 687 
2892 118 368 749 907 
2893 556 620 600 871 
2894 748 369 121 908 
2895 494 504 493 861 
2896 768 124 478 895 
2897 137 510 489 902 
2898 628 173 613 902 
2899 273 272 206 857 
2900 631 643 194 894 
2901 363 425 470 893 
2902 283 281 275 887 
2903 533 136 482 550 
2904 743 94 310 362 
2905 396 430 370 831 
2906 294 305 296 874 
2907 232 231 230 872 
2908 797 371 444 847 
2909 281 279 275 887 
2910 361 72 551 311 
2911 158 532 741 481 
2912 28 288 312 354 
2913 472 377 419 908 
2914 378 473 420 907 
2915 479 455 375 888 
2916 53 278 537 882 
2917 772 773 765 873 
2918 432 448 468 880 
2919 19 357 305 294 
2920 183 724 171 757 
2921 169 184 758 724 
2922 520 522 485 878 
2923 508 489 510 902 
2924 768 772 124 895 
2925 250 251 244 885 
2926 519 498 488 876 
2927 361 625 81 344 
2928 317 327 348 871 
2929 418 416 436 879 
2930 126 468 367 767 
2931 444 433 131 787 
2932 433 445 132 787 
2933 777 189 683 769 
2934 778 682 190 769 
2935 229 237 227 890 
2936 465 203 12 803 
2937 202 766 201 881 
2938 271 303 217 884 
2939 240 238 234 886 
2940 296 252 294 874 
2941 483 525 526 867 
2942 125 471 768 366 
2943 720 668 645 878 
2944 236 224 226 899 
2945 750 121 377 908 
2946 537 543 538 882 
2947 539 615 164 543 
2948 627 339 73 561 
2949 118 752 378 907 
2950 484 513 512 904 
2951 496 526 525 867 
2952 293 56 546 549 
2953 244 251 256 885 
2954 773 776 765 873 
2955 460 739 116 741 
2956 212 354 27 910 
2957 667 666 681 903 
2958 768 366 478 124 
2959 479 367 767 127 
2960 156 677 640 904 
2961 660 183 171 757 
2962 758 184 169 661 
2963 513 484 527 904 
2964 354 315 27 910 
2965 759 745 199 875 
2966 199 10 759 449 
2967 448 10 760 199 
2968 129 796 804 389 
2969 302 360 30 343 
2970 154 720 485 669 
2971 267 27 315 910 
2972 755 186 656 763 
2973 645 153 720 520 
2974 390 377 398 901 
2975 461 342 70 362 
2976 513 532 460 109 
2977 197 790 704 644 
2978 19 357 294 309 
2979 528 303 462 884 
2980 118 420 368 907 
2981 121 369 419 908 
2982 698 190 682 769 
2983 189 698 683 769 
2984 755 746 763 868 
2985 210 307 298 882 
2986 226 242 236 899 
2987 800 18 708 204 
2988 397 444 371 847 
2989 624 162 538 542 
2990 512 156 484 904 
2991 267 212 27 910 
2992 515 533 623 145 
2993 210 298 278 882 
2994 548 50 544 302 
2995 451 467 427 877 
2996 537 538 540 882 
2997 774 880 782 909 
2998 485 720 153 520 
2999 285 544 50 302 
3000 116 438 739 460 
3001 545 539 546 906 
3002 600 602 618 883 
3003 290 212 306 910 
3004 325 315 354 910 
3005 653 18 799 204 
3006 750 748 121 908 
3007 461 110 737 743 
3008 600 577 602 883 
3009 752 118 749 907 
3010 192 775 783 659 
3011 747 724 183 757 
3012 747 758 184 724 
3013 612 586 629 905 
3014 93 710 359 341 
3015 216 293 55 906 
3016 478 374 772 124 
3017 742 710 174 740 
3018 133 791 798 370 
3019 793 371 130 797 
3020 504 97 98 380 
3021 59 58 333 381 
3022 344 625 81 563 
3023 375 479 770 127 
3024 738 744 711 180 
3025 419 377 121 908 
3026 349 719 89 314 
3027 31 305 464 296 
3028 271 36 37 439 
3029 646 719 89 349 
3030 218 302 30 343 
3031 118 378 420 907 
3032 421 422 423 889 
3033 604 139 519 140 
3034 308 297 254 896 
3035 720 669 668 878 
3036 336 357 309 874 
3037 562 515 623 145 
3038 437 110 737 461 
3039 93 710 341 674 
3040 503 688 147 146 
3041 332 82 83 687 
3042 371 431 397 847 
3043 508 46 47 211 
3044 603 141 523 142 
3045 45 44 208 517 
3046 770 771 767 888 
3047 280 259 240 892 
3048 711 738 180 689 
3049 219 48 47 502 
3050 227 228 229 890 
3051 796 129 379 389 
3052 509 650 149 148 
3053 513 460 387 109 
3054 510 137 138 587 
3055 484 155 524 640 
3056 70 386 342 461 
3057 649 85 84 338 
3058 156 640 484 904 
3059 140 552 141 498 
3060 120 365 754 119 
3061 122 760 390 448 
3062 786 203 804 879 
3063 631 668 643 894 
3064 719 671 90 314 
3065 346 23 24 272 
3066 117 759 449 391 
3067 520 645 153 152 
3068 646 89 88 349 
3069 385 62 63 340 
3070 300 257 209 893 
3071 139 500 138 558 
3072 464 410 435 874 
3073 350 25 26 207 
3074 101 511 384 102 
3075 217 49 48 480 
3076 35 34 424 209 
3077 45 46 491 276 
3078 764 756 181 657 
3079 71 72 311 535 
3080 95 94 310 727 
3081 482 135 534 136 
3082 158 728 159 481 
3083 65 66 382 326 
3084 476 779 11 201 
3085 780 477 11 201 
3086 157 512 530 711 
3087 435 31 464 296 
3088 521 42 43 282 
3089 105 383 497 104 
3090 216 55 541 906 
3091 186 656 637 755 
3092 376 134 795 388 
3093 32 33 215 364 
3094 405 99 98 505 
3095 531 301 38 514 
3096 334 60 59 404 
3097 795 134 803 388 
3098 745 756 764 891 
3099 157 512 711 677 
3100 202 783 766 881 
3101 174 710 691 740 
3102 683 764 181 657 
3103 129 804 463 389 
3104 763 186 656 682 
3105 496 557 142 143 
3106 64 65 406 347 
3107 390 398 450 901 
3108 44 43 274 488 
3109 507 480 528 884 
3110 492 672 148 147 
3111 490 666 150 149 
3112 86 85 664 320 
3113 321 83 84 673 
3114 518 103 104 408 
3115 255 38 301 514 
3116 655 193 799 653 
3117 367 126 767 127 
3118 366 768 125 124 
3119 657 756 181 638 
3120 3 528 303 462 
3121 658 187 776 784 
3122 254 297 247 896 
3123 765 784 202 897 
3124 25 24 270 317 
3125 575 579 582 900 
3126 106 105 403 522 
3127 67 66 351 402 
3128 765 201 779 897 
3129 659 192 775 642 
3130 42 41 205 486 
3131 265 41 40 525 
3132 132 131 433 787 
3133 345 86 87 651 
3134 150 151 652 516 
3135 113 417 112 733 
3136 772 768 773 895 
3137 202 201 765 897 
3138 339 74 73 561 
3139 760 199 746 880 
3140 656 682 725 868 
3141 546 539 541 906 
3142 803 134 465 388 
3143 305 357 1 464 
3144 628 613 587 902 
3145 395 60 61 335 
3146 99 100 506 393 
3147 22 23 319 206 
3148 294 20 19 309 
3149 738 180 689 179 
3150 439 412 462 884 
3151 100 101 501 456 
3152 543 555 164 163 
3153 21 22 337 284 
3154 354 27 28 212 
3155 255 39 38 514 
3156 711 530 15 744 
3157 683 189 777 634 
3158 197 196 789 632 
3159 195 631 194 788 
3160 633 778 682 190 
3161 110 737 111 437 
3162 62 61 330 457 
3163 507 96 97 412 
3164 341 92 93 674 
3165 548 360 2 302 
3166 8 710 742 359 
3167 549 301 4 531 
3168 512 157 156 677 
3169 58 57 336 410 
3170 641 658 187 776 
3171 348 76 75 556 
3172 697 708 800 198 
3173 544 50 51 285 
3174 21 20 213 331 
3175 166 589 545 623 
3176 750 751 748 908 
3177 550 166 545 623 
3178 749 753 752 907 
3179 328 64 63 407 
3180 658 187 784 684 
3181 409 102 499 103 
3182 91 92 313 639 
3183 27 26 267 315 
3184 685 192 783 659 
3185 463 418 436 879 
3186 318 73 7 627 
3187 774 126 432 125 
3188 293 546 55 906 
3189 769 781 782 909 
3190 178 678 736 177 
3191 545 589 166 165 
3192 677 709 640 904 
3193 628 14 489 137 
3194 550 533 13 623 
3195 30 29 218 343 
3196 743 461 5 362 
3197 715 493 14 146 
3198 714 82 7 322 
3199 9 460 741 532 
3200 143 564 144 526 
3201 16 186 763 682 
3202 435 32 31 296 
3203 6 551 625 361 
3204 39 40 483 214 
3205 34 33 421 299 
3206 373 111 112 729 
3207 67 68 392 324 
3208 107 394 495 106 
3209 78 79 553 325 
3210 306 212 267 910 
3211 764 181 16 683 
3212 774 782 781 909 
3213 369 748 121 120 
3214 749 119 368 118 
3215 780 128 477 396 
3216 397 779 123 476 
3217 515 562 144 145 
3218 621 77 78 352 
3219 540 52 53 210 
3220 54 53 278 537 
3221 734 372 115 114 
3222 731 176 177 679 
3223 114 730 416 113 
3224 783 17 192 685 
3225 90 91 353 703 
3226 316 87 88 701 
3227 487 702 152 151 
3228 90 89 719 314 
3229 739 438 116 115 
3230 784 187 17 684 
3231 174 691 175 740 
3232 329 75 74 616 
3233 485 720 154 153 
3234 308 293 216 906 
3235 524 705 155 154 
3236 178 636 179 732 
3237 387 513 109 108 
3238 546 541 55 906 
3239 69 70 386 342 
3240 162 542 559 161 
3241 735 635 175 176 
3242 189 777 634 188 
3243 633 778 190 191 
3244 15 711 744 180 
3245 2 71 360 548 
3246 5 110 461 743 
3247 528 3 96 462 
3248 4 56 301 549 
3249 357 57 1 464 
3250 460 116 9 741 
3251 710 8 93 359 
3252 363 36 35 300 
3253 640 484 155 156 
3254 548 2 50 302 
3255 303 37 3 462 
3256 360 30 2 302 
3257 29 28 288 312 
3258 376 795 134 133 
3259 530 159 15 744 
3260 551 160 6 625 
3261 130 796 129 379 
3262 184 758 185 661 
3263 757 660 183 182 
3264 742 95 8 359 
3265 277 52 51 536 
3266 546 55 56 293 
3267 344 81 80 563 
3268 135 549 4 531 
3269 327 77 76 620 
3270 122 10 760 448 
3271 759 10 117 449 
3272 623 533 13 145 
3273 161 547 610 160 
3274 445 132 798 370 
3275 371 797 444 131 
3276 49 3 528 303 
3277 742 710 8 174 
3278 374 772 124 123 
3279 770 128 375 127 
3280 188 641 187 776 
3281 743 5 94 362 
3282 191 775 192 642 
3283 551 6 72 361 
3284 532 741 9 158 
3285 194 792 700 193 
3286 530 15 157 711 
3287 81 6 625 361 
3288 301 38 4 531 
3289 1 31 305 464 
3290 750 377 121 122 
3291 461 70 5 362 
3292 532 9 460 109 
3293 55 54 216 541 
3294 117 118 752 378 
3295 13 136 533 550 
3296 800 708 18 198 
3297 190 698 189 769 
3298 458 68 69 356 
3299 108 459 527 107 
3300 12 134 465 803 
3301 165 615 164 539 
3302 1 19 357 305 
3303 799 193 18 653 
3304 198 790 704 197 
3305 12 804 463 129 
3306 550 13 166 623 
3307 123 779 11 476 
3308 128 477 11 780 
3309 794 195 699 196 
3310 638 756 181 182 
3311 637 185 186 755 
3312 80 79 355 622 
3313 162 538 163 624 
3314 133 798 132 370 
3315 797 371 130 131 
3316 184 747 724 183 
3317 874 364 469 435 
3318 874 469 364 810 
3319 901 665 806 868 
3320 901 806 665 862 
3321 482 623 515 533 
3322 482 515 623 837 
3323 855 469 823 411 
3324 855 823 469 810 
3325 429 823 469 411 
3326 429 469 823 810 
3327 585 829 905 581 
3328 905 829 585 828 
3329 829 578 576 581 
3330 829 576 578 822 
3331 850 689 732 820 
3332 850 732 689 636 
3333 818 888 706 722 
3334 818 706 888 852 
3335 680 706 888 722 
3336 680 888 706 852 
3337 882 846 592 853 
3338 882 592 846 830 
3339 900 286 858 843 
3340 900 858 286 839 
3341 569 845 570 571 
3342 570 845 569 825 
3343 852 665 862 664 
3344 852 862 665 806 
3345 838 660 907 694 
3346 838 907 660 819 
3347 851 292 816 845 
3348 851 816 292 268 
3349 879 716 809 850 
3350 879 809 716 654 
3351 678 809 716 850 
3352 678 716 809 654 
3353 882 591 555 592 
3354 882 555 591 848 
3355 775 881 818 766 
3356 818 881 775 659 
3357 833 904 475 459 
3358 833 475 904 849 
3359 400 475 904 459 
3360 400 904 475 849 
3361 885 243 821 244 
3362 885 821 243 841 
3363 878 383 431 832 
3364 878 431 383 403 
3365 859 626 563 597 
3366 859 563 626 815 
3367 849 387 441 400 
3368 849 441 387 820 
3369 853 610 626 559 
3370 853 626 610 815 
3371 818 780 831 396 
3372 818 831 780 766 
3373 887 274 828 275 
3374 887 828 274 876 
3375 296 364 874 435 
3376 874 364 296 215 
3377 893 425 423 424 
3378 423 425 893 805 
3379 423 889 893 424 
3380 893 889 423 805 
3381 353 639 91 313 
3382 91 639 353 703 
3383 558 905 587 586 
3384 587 905 558 869 
3385 497 878 383 522 
3386 383 878 497 832 
3387 875 453 891 807 
3388 875 891 453 391 
3389 476 897 847 779 
3390 847 897 476 444 
3391 724 840 877 747 
3392 877 840 724 170 
3393 877 171 724 747 
3394 724 171 877 170 
3395 814 378 891 752 
3396 814 891 378 391 
3397 759 891 378 752 
3398 759 378 891 391 
3399 733 416 809 730 
3400 733 809 416 417 
3401 900 237 834 890 
3402 900 834 237 843 
3403 300 439 893 363 
3404 893 439 300 271 
3405 775 722 818 642 
3406 818 722 775 771 
3407 219 480 48 502 
3408 48 480 219 217 
3409 631 894 897 847 
3410 631 897 894 788 
3411 801 897 894 847 
3412 801 894 897 788 
3413 895 903 681 826 
3414 681 903 895 807 
3415 543 624 882 555 
3416 882 624 543 538 
3417 669 524 154 705 
3418 669 154 524 485 
3419 867 143 564 557 
3420 867 564 143 526 
3421 776 723 873 773 
3422 776 873 723 641 
3423 625 547 160 610 
3424 625 160 547 551 
3425 542 610 853 559 
3426 853 610 542 547 
3427 734 438 850 739 
3428 734 850 438 372 
3429 294 331 811 213 
3430 811 331 294 309 
3431 314 703 856 671 
3432 856 703 314 353 
3433 735 679 809 635 
3434 809 679 735 731 
3435 218 312 29 288 
3436 29 312 218 343 
3437 902 137 587 628 
3438 902 587 137 510 
3439 622 344 859 355 
3440 622 859 344 563 
3441 753 745 814 756 
3442 753 814 745 752 
3443 891 814 745 756 
3444 891 745 814 752 
3445 785 791 836 790 
3446 836 791 785 795 
3447 293 549 906 301 
3448 906 549 293 546 
3449 786 793 849 796 
3450 786 849 793 792 
3451 751 746 813 750 
3452 813 746 751 755 
3453 766 771 818 775 
3454 818 771 766 770 
$EndElements
