$MeshFormat
2.2 0 8
$EndMeshFormat
$PhysicalNames
4
2 1 "fondazione"
2 2 "superfici_carico"
2 3 "lato_fisso"
3 4 "struttura"
$EndPhysicalNames
$Nodes
910
1 0 0 0
2 0 0 50
3 0 30 0
4 0 30 50
5 60 0 0
6 10 0 50
7 10 0 10
8 60 0 10
9 60 30 0
10 22 15 0
11 36 15 0
12 50 15 0
13 10 30 50
14 10 30 10
15 60 30 10
16 22 15 10
17 36 15 10
18 50 15 10
19 0 0 3.846153846153846
20 0 0 7.692307692307693
21 0 0 11.53846153846154
22 0 0 15.38461538461539
23 0 0 19.23076923076923
24 0 0 23.07692307692308
25 0 0 26.92307692307692
26 0 0 30.76923076923077
27 0 0 34.61538461538461
28 0 0 38.46153846153846
29 0 0 42.30769230769231
30 0 0 46.15384615384615
31 0 3.75 0
32 0 7.5 0
33 0 11.25 0
34 0 15 0
35 0 18.75 0
36 0 22.5 0
37 0 26.25 0
38 0 30 46.15384615384615
39 0 30 42.30769230769231
40 0 30 38.46153846153846
41 0 30 34.61538461538461
42 0 30 30.76923076923077
43 0 30 26.92307692307692
44 0 30 23.07692307692308
45 0 30 19.23076923076923
46 0 30 15.38461538461539
47 0 30 11.53846153846154
48 0 30 7.692307692307693
49 0 30 3.846153846153847
50 0 3.75 50
51 0 7.5 50
52 0 11.25 50
53 0 15 50
54 0 18.75 50
55 0 22.5 50
56 0 26.25 50
57 4 0 0
58 8 0 0
59 12 0 0
60 16 0 0
61 20 0 0
62 24 0 0
63 28 0 0
64 32 0 0
65 36 0 0
66 40 0 0
67 44 0 0
68 48 0 0
69 52 0 0
70 56 0 0
71 3.333333333333333 0 50
72 6.666666666666667 0 50
73 10 0 14
74 10 0 18
75 10 0 22
76 10 0 26
77 10 0 30
78 10 0 34
79 10 0 38
80 10 0 42
81 10 0 46
82 13.84615384615385 0 10
83 17.69230769230769 0 10
84 21.53846153846154 0 10
85 25.38461538461539 0 10
86 29.23076923076923 0 10
87 33.07692307692308 0 10
88 36.92307692307692 0 10
89 40.76923076923077 0 10
90 44.61538461538461 0 10
91 48.46153846153846 0 10
92 52.30769230769231 0 10
93 56.15384615384615 0 10
94 60 0 3.333333333333333
95 60 0 6.666666666666667
96 4 30 0
97 8 30 0
98 12 30 0
99 16 30 0
100 20 30 0
101 24 30 0
102 28 30 0
103 32 30 0
104 36 30 0
105 40 30 0
106 44 30 0
107 48 30 0
108 52 30 0
109 56 30 0
110 60 3.75 0
111 60 7.5 0
112 60 11.25 0
113 60 15 0
114 60 18.75 0
115 60 22.5 0
116 60 26.25 0
117 20.49395920743493 18.12732592987212 0
118 17.10991626417474 18.89971164872729 0
119 14.39612452839032 16.73553495647023 0
120 14.39612452839032 13.26446504352977 0
121 17.10991626417474 11.10028835127271 0
122 20.49395920743493 11.87267407012788 0
123 34.49395920743493 18.12732592987212 0
124 31.10991626417474 18.89971164872729 0
125 28.39612452839032 16.73553495647023 0
126 28.39612452839032 13.26446504352977 0
127 31.10991626417474 11.10028835127271 0
128 34.49395920743493 11.87267407012788 0
129 48.49395920743493 18.12732592987212 0
130 45.10991626417474 18.89971164872729 0
131 42.39612452839032 16.73553495647023 0
132 42.39612452839032 13.26446504352977 0
133 45.10991626417474 11.10028835127271 0
134 48.49395920743493 11.87267407012788 0
135 3.333333333333333 30 50
136 6.666666666666667 30 50
137 10 30 14
138 10 30 18
139 10 30 22
140 10 30 26
141 10 30 30
142 10 30 34
143 10 30 38
144 10 30 42
145 10 30 46
146 13.84615384615385 30 10
147 17.69230769230769 30 10
148 21.53846153846154 30 10
149 25.38461538461539 30 10
150 29.23076923076923 30 10
151 33.07692307692308 30 10
152 36.92307692307692 30 10
153 40.76923076923077 30 10
154 44.61538461538461 30 10
155 48.46153846153846 30 10
156 52.30769230769231 30 10
157 56.15384615384615 30 10
158 60 30 3.333333333333333
159 60 30 6.666666666666667
160 10 3.75 50
161 10 7.5 50
162 10 11.25 50
163 10 15 50
164 10 18.75 50
165 10 22.5 50
166 10 26.25 50
167 10 3.75 10
168 10 7.5 10
169 10 11.25 10
170 10 15 10
171 10 18.75 10
172 10 22.5 10
173 10 26.25 10
174 60 3.75 10
175 60 7.5 10
176 60 11.25 10
177 60 15 10
178 60 18.75 10
179 60 22.5 10
180 60 26.25 10
181 20.49395920743493 18.12732592987212 10
182 17.10991626417474 18.89971164872729 10
183 14.39612452839032 16.73553495647023 10
184 14.39612452839032 13.26446504352977 10
185 17.10991626417474 11.10028835127271 10
186 20.49395920743493 11.87267407012788 10
187 34.49395920743493 18.12732592987212 10
188 31.10991626417474 18.89971164872729 10
189 28.39612452839032 16.73553495647023 10
190 28.39612452839032 13.26446504352977 10
191 31.10991626417474 11.10028835127271 10
192 34.49395920743493 11.87267407012788 10
193 48.49395920743493 18.12732592987212 10
194 45.10991626417474 18.89971164872729 10
195 42.39612452839032 16.73553495647023 10
196 42.39612452839032 13.26446504352977 10
197 45.10991626417474 11.10028835127271 10
198 48.49395920743493 11.87267407012788 10
199 22 15 3.333333333333334
200 22 15 6.666666666666668
201 36 15 3.333333333333334
202 36 15 6.666666666666668
203 50 15 3.333333333333334
204 50 15 6.666666666666668
205 0 26.65950743701888 32.6773885808197
206 0 3.207363857597906 17.45853125758021
207 0 3.330949052891958 28.84779422589218
208 0 26.66857131588213 21.14545058796082
209 0 16.82322008468699 3.391840014006166
210 0 12.86992239798199 46.94001509111545
211 0 26.67456233352244 13.4520531117008
212 0 3.613056202252075 36.60169051994014
213 0 3.445993039533484 9.617694159738805
214 0 26.62685567214997 40.36706659859742
215 0 9.647585490839194 3.538602058401548
216 0 20.65102729909665 46.81685454198529
217 0 26.76555227893572 5.896820668353849
218 0 3.162939433755476 44.36118354606293
219 0 26.6846628035528 9.618715687176596
220 0 23.35009795928611 11.51135667687598
221 0 23.34436435165566 15.35638042829271
222 0 20.03460354652843 13.4257710941596
223 0 20.01982583464114 17.25941175108739
224 0 16.70994124559389 15.32804131205
225 0 16.69327897574516 19.16331386187097
226 0 13.42156236270519 17.23164385056745
227 0 13.41034162002941 21.06845012672807
228 0 16.68459007410243 23.00087244849384
229 0 13.39957772769893 24.90744864149655
230 0 16.67263697900235 26.84048870515305
231 0 13.35692118166872 28.74778000979449
232 0 16.6531030262165 30.68041963689168
233 0 13.3684744481625 32.58685062278419
234 0 16.63815205214262 34.51697160793197
235 0 13.31352928033844 36.41784932329584
236 0 13.40588094317018 13.39912712312584
237 0 10.03011092859747 22.97306599307923
238 0 16.6141508433706 38.34290376432581
239 0 19.98357078356389 28.77342096052436
240 0 19.93436894745826 36.44748723695049
241 0 20.05026105008946 9.606242459854876
242 0 10.01906584966229 15.1494560707677
243 0 10.08993350867713 11.47055336799007
244 0 13.4083739639302 9.577026688580617
245 0 9.514495347435474 34.10987314252333
246 0 9.948155762632128 38.2524162390679
247 0 19.86640329186416 40.18443715993005
248 0 16.6429914321544 42.10229771179092
249 0 6.722146176363265 13.08550943023001
250 0 10.02001198932451 7.648793829289361
251 0 13.32336580084436 5.745576126240796
252 0 6.495402883020848 6.11923263733247
253 0 23.23397108004973 38.37916082382881
254 0 23.04540229816733 41.91963384520475
255 0 26.203324267701 44.22171112365666
256 0 16.73227398034638 7.567724307670624
257 0 20.15076228706106 5.749192863383161
258 0 23.40238203739064 7.697326533136339
259 0 23.29305104299103 34.56013199694819
260 0 13.34987483572056 40.12609343104185
261 0 10.26535408341684 41.72493571910088
262 0 6.755298534322965 39.70190866976836
263 0 16.72355578827642 11.48398883090692
264 0 23.34157587546292 19.20544328526197
265 0 26.62724446940066 36.51821175826486
266 0 23.35514957820448 30.71006182158497
267 0 3.280340819040163 32.53800530845658
268 0 6.657329879940137 30.77430935489125
269 0 6.6632502625777 26.93060298054826
270 0 3.288907511110384 25.00114347882213
271 0 23.83377889032884 3.528226502140095
272 0 3.260900684555847 21.17852476042872
273 0 6.586176504725888 19.79299833863896
274 0 26.6684252573534 24.99320876030193
275 0 23.32849025334526 23.04356778787598
276 0 26.67151231275385 17.29578533810015
277 0 9.235733753835774 47.00574581376985
278 0 16.73347840471263 46.1357750798029
279 0 20.00706172980032 21.09755196640835
280 0 19.9762325717628 32.61474887680528
281 0 19.99614063801424 24.94110448653823
282 0 26.6831004425458 28.83652534520699
283 0 23.31851381298206 26.88677427334096
284 0 3.162645828866302 13.61977641896907
285 0 5.67257967288726 46.93788300730065
286 0 10.03616125702342 18.86082092399995
287 0 7.051993068693115 9.54638710489958
288 0 3.307323215801984 40.71158818272882
289 0 5.965869178313458 23.17526711030346
290 0 7.060380027069005 36.42656176560763
291 0 10.51457556406303 26.82904936404568
292 0 10.13671615712674 30.3196554281512
293 0 24.20043513552281 47.16026422115443
294 0 2.992009664135439 5.689258263839488
295 0 7.072525587639101 43.58158613554178
296 0 5.568598520585159 2.892619889507952
297 0 19.71538561303699 43.61049932086168
298 0 13.61108396843856 43.50742306501488
299 0 13.20883427527411 2.535203639729702
300 0 20.57426215919043 2.522949660011365
301 0 27.13541680564833 47.14000817747198
302 0 2.668049392257111 47.332259666688
303 0 27.19349346972407 2.831295790095954
304 0 6.314841000573461 16.30357001629072
305 0 2.46212163694412 2.485606399900258
306 0 6.052347879151994 33.85965586176951
307 0 11.1084504194534 44.62785801006108
308 0 22.76311492270496 44.74579261057256
309 3.815470731709658 0 6.142479857956471
310 57.11324865405187 0 5
311 5 0 47.11324865405187
312 3.333402006340807 0 40.56284059719467
313 50.56284059719465 0 6.66659799365919
314 43.12820512820512 0 6.747948931523384
315 3.252051068476611 0 33.12820512820512
316 35.33333333333334 0 6.741177193413059
317 3.25882280658694 0 25.33333333333333
318 6.602515723614895 0 12
319 3.250803528953316 0 17.492075963166
320 27.53846153846154 0 6.731675007478151
321 19.69230769230769 0 6.729532690910237
322 11.91987614444316 0 6.665902900619526
323 8.03725324324188 0 6.419649805350849
324 45.61111111111111 0 3.309519068955926
325 6.690480931044068 0 35.61111111111111
326 37.69658119658119 0 3.313605400914647
327 6.686394599085351 0 27.6965811965812
328 29.78205128205128 0 3.319554416003537
329 6.654519469716398 0 19.72793477753982
330 21.80769230769231 0 3.356580202034024
331 3.323164099705528 0 9.747751852359752
332 15.78151781894565 0 6.691476166210561
333 10.00566801005536 0 3.300436099498171
334 13.89989494429198 0 3.342488753457807
335 17.86356879387294 0 3.353346302102104
336 6.114992152894587 0 3.108411009256245
337 3.249099647389157 0 13.55638204296692
338 23.66025641025641 0 6.663445397475886
339 6.646991794519798 0 15.77481434516869
340 25.79807692307692 0 3.345209170498599
341 54.59668150897659 0 7.076527090953672
342 53.94391409831471 0 3.12658795045628
343 2.923472909046333 0 44.59668150897659
344 6.873412049543708 0 43.94391409831472
345 31.49358974358974 0 6.65034272635818
346 3.342416010667052 0 21.47683939695524
347 33.71759259259259 0 3.33744662278157
348 6.657025481009289 0 23.70578145073492
349 39.30840455840455 0 6.645557075906855
350 3.35444292409314 0 29.30840455840455
351 41.62405033238365 0 3.336105079550135
352 6.663894920449863 0 31.62405033238367
353 47.06317998557232 0 6.628305673929757
354 3.371694326070237 0 37.06317998557233
355 6.95423195055994 0 40
356 49.99999999999999 0 3.04576804944005
357 2.786092576920849 0 2.619408942673312
358 6.283009834613649 0 8.991302558260685
359 57.49854724275987 0 7.665976601606569
360 2.334023398393485 0 47.49854724275984
361 7.704736428710482 0 47.47616924614763
362 57.47616924614766 0 2.295263571289485
363 3.119809870319238 20.43247280969153 0
364 3.123065373275322 9.56190449478828 0
365 11.50878453215677 14.99616165259453 0
366 27.38784440749421 20.37175551708799 0
367 27.38778954858313 9.628417370835672 0
368 13.53966120590494 19.9624201430458 0
369 13.53972815967371 10.03735794028739 0
370 41.87878840250973 9.83216411363167 0
371 41.87878840250973 20.16783588636833 0
372 56.85498776272159 20.5768213023644 0
373 56.84534671296421 9.45379845761612 0
374 33.27533758842866 21.06838118955659 0
375 33.27742040686415 8.94178158940567 0
376 47.47084338985373 8.555814054339507 0
377 19.47084338985372 8.555814054339507 0
378 19.47084338985373 21.44418594566049 0
379 47.47084338985373 21.44418594566049 0
380 9.947259507465866 26.58584899055076 0
381 9.956116758893517 3.406624692903013 0
382 38 3.464101615137754 0
383 38 26.53589838486225 0
384 25.5251984634993 26.41499146413979 0
385 25.56376818216599 3.585005676093965 0
386 53.76550272915271 3.489181420614943 0
387 53.76550272915271 26.51081857938506 0
388 50.74069101334894 9.646668692511112 0
389 50.75415032625051 20.37178814932475 0
390 23.40285102214856 9.563373660224631 0
391 23.43568041135196 20.43317408998117 0
392 45.84304072745172 3.094302392804927 0
393 17.84489027379669 26.90355492652559 0
394 45.84304072745171 26.90569760719507 0
395 17.84489027379669 3.096445073474408 0
396 36.91012463151947 9.311161014680327 0
397 36.91012463151948 20.68883898531966 0
398 22.14536450433621 6.030999750716443 0
399 22.1419171758108 23.96779658054793 0
400 50.31943075702951 23.83690202570258 0
401 50.31782845787458 6.165295217373117 0
402 41.96416549064135 3.303680286599649 0
403 41.96416549064134 26.69631971340034 0
404 13.91457000974982 3.321687998461883 0
405 13.91299216902195 26.676995711276 0
406 33.84908268659888 3.259534269908638 0
407 29.7773907370234 3.261321110724729 0
408 33.81735794411946 26.75274767364995 0
409 29.7517716715165 26.74465348845891 0
410 5.995059681264029 3.112145550340308 0
411 7.827241912677438 6.280752303811671 0
412 5.993232565306482 26.87668760317233 0
413 7.822111730440966 23.71033431806835 0
414 44.20532879301697 6.91177301641225 0
415 44.20532879301695 23.08822698358774 0
416 56.82184240102255 16.85474414125506 0
417 56.82435637196917 13.19212395943239 0
418 53.32250233655309 15.02251559310037 0
419 16.11246422467844 6.966800190999392 0
420 16.11214214075897 23.03292700443555 0
421 3.203786944648595 13.1495638750731 0
422 6.295853819304626 11.56997665955534 0
423 6.164897642691704 15.05089116176847 0
424 3.153745515845467 16.85550866994958 0
425 6.234084689991729 18.41647983856782 0
426 11.92331105629087 23.30736020236377 0
427 9.662847619493869 20.1044706971414 0
428 11.92596242753049 6.689484762019745 0
429 9.675080526914263 9.88573887249472 0
430 39.79063217577561 6.50793885192947 0
431 39.79069489474996 23.49234672304905 0
432 25.49329755112472 14.99805162832677 0
433 38.9793172983256 14.99999999999999 0
434 53.78468310076939 11.22537017418954 0
435 3.663009915655199 5.929520247312427 0
436 53.79444732124094 18.80117569405585 0
437 56.822352119671 5.746152422706643 0
438 56.82235211967099 24.25384757729336 0
439 3.663271844241099 24.06380615055865 0
440 28.16728539417193 6.406544488331385 0
441 53.81771995156323 22.46889388125244 0
442 53.81622461618712 7.534482303719843 0
443 28.14865082688573 23.60257348108078 0
444 39.40518085883289 17.98668172867422 0
445 39.40518085883289 12.01331827132578 0
446 35.57757031945263 23.71899405395163 0
447 35.58379890881966 6.289253080617625 0
448 23.50870357645177 12.65629216200458 0
449 23.53377355404863 17.34502708364874 0
450 25.21233046339209 6.979965774342014 0
451 8.974098961583298 16.69766718014701 0
452 9.035982905902907 13.32583887893807 0
453 25.19842076705567 23.01763879844352 0
454 31.79178417073307 23.86136131700343 0
455 31.80473159499322 6.149074399062703 0
456 21.7179530178446 27.14246659675008 0
457 21.7215258960072 2.857430807288875 0
458 49.75332021625931 2.858192147377394 0
459 49.75345646618746 27.1419946930202 0
460 57.16551199595597 27.23487946235304 0
461 57.16551199595597 2.76512053764697 0
462 2.834488004044034 27.23487946235303 0
463 51.16055665296457 17.48519310298607 0
464 2.819490739405635 2.749123455366011 0
465 51.12255772184749 12.53310621778173 0
466 11.63114013060759 12.30191247756889 0
467 11.61630336950584 17.69925092587979 0
468 25.78508377568568 11.97218896680124 0
469 6.04809642196497 8.619046347389126 0
470 6.035521033377263 21.37315736218264 0
471 25.81979737901041 18.03095868794889 0
472 19.2460632887899 5.784503463510992 0
473 19.2456810370923 24.21541432755202 0
474 47.29854791333725 5.750057882377716 0
475 47.29867462974268 24.25011588463926 0
476 36.86154943341933 17.34119881521288 0
477 36.86154943341933 12.65880118478711 0
478 30.34270665154328 21.56075663069122 0
479 30.34942864175744 8.445221239781628 0
480 3.815470731709659 30 6.142479857956474
481 57.11324865405187 30 5
482 5.000000000000004 30 47.11324865405187
483 3.333402006340807 30 40.56284059719467
484 50.56284059719465 30 6.66659799365919
485 43.12820512820512 30 6.747948931523384
486 3.252051068476611 30 33.12820512820512
487 35.33333333333334 30 6.741177193413059
488 3.25882280658694 30 25.33333333333333
489 6.602515723614895 30 12
490 27.53846153846154 30 6.731675007478151
491 3.250803528953315 30 17.492075963166
492 19.69230769230769 30 6.729532690910237
493 11.91987614444316 30 6.665902900619526
494 8.037253243241882 30 6.419649805350851
495 45.61111111111111 30 3.309519068955926
496 6.690480931044068 30 35.61111111111111
497 37.69658119658119 30 3.313605400914647
498 6.686394599085351 30 27.6965811965812
499 29.78205128205128 30 3.319554416003537
500 6.654519469716396 30 19.72793477753982
501 21.80769230769231 30 3.356580202034024
502 3.323164099705528 30 9.747751852359755
503 15.78151781894565 30 6.691476166210561
504 10.00566801005536 30 3.300436099498171
505 13.89989494429198 30 3.342488753457807
506 17.86356879387294 30 3.353346302102104
507 6.114992152894588 30 3.108411009256246
508 3.249099647389157 30 13.55638204296692
509 23.66025641025641 30 6.663445397475886
510 6.646991794519799 30 15.7748143451687
511 25.79807692307692 30 3.345209170498599
512 54.59668150897659 30 7.076527090953672
513 53.94391409831471 30 3.12658795045628
514 2.923472909046335 30 44.59668150897659
515 6.873412049543714 30 43.94391409831474
516 31.49358974358974 30 6.65034272635818
517 3.342416010667052 30 21.47683939695524
518 33.71759259259259 30 3.33744662278157
519 6.657025481009289 30 23.70578145073492
520 39.30840455840455 30 6.645557075906855
521 3.35444292409314 30 29.30840455840455
522 41.62405033238365 30 3.336105079550135
523 6.663894920449863 30 31.62405033238367
524 47.06317998557232 30 6.628305673929757
525 3.371694326070238 30 37.06317998557233
526 6.95423195055994 30 40
527 49.99999999999999 30 3.04576804944005
528 2.786092576920849 30 2.619408942673314
529 6.28300983461365 30 8.991302558260685
530 57.49854724275987 30 7.665976601606569
531 2.334023398393484 30 47.49854724275984
532 57.47616924614766 30 2.295263571289485
533 7.704736428710485 30 47.47616924614763
534 5.000000000000001 27.11324865405187 50
535 5.000000000000001 2.886751345948128 50
536 3.247595264191645 9.375 50
537 3.247595264191645 16.875 50
538 6.752404735808355 13.125 50
539 6.752404735808355 20.625 50
540 2.94592239733965 13.125 50
541 2.622274440691525 20.57879955638664 50
542 7.377725559308475 9.421200443613362 50
543 7.05407760266035 16.875 50
544 2.915486887185879 5.309352497071316 50
545 7.08451311281412 24.69064750292868 50
546 3.11137220345763 24.14399778193319 50
547 6.888627796542372 5.856002218066807 50
548 2.356698262381253 2.488361418412967 50
549 2.356698262381253 27.51163858158703 50
550 7.643301737618745 27.51163858158703 50
551 7.643301737618748 2.488361418412964 50
552 10 26.52539810203047 28.01876274105899
553 10 3.395677073330821 36.05890116756562
554 10 13.37343207684578 13.13693365721329
555 10 16.64314665382476 46.49208732127833
556 10 3.423311545509127 24.09423033527653
557 10 26.5450472028028 36.01293930882896
558 10 26.45713215275839 20.07723618353308
559 10 9.46874446886688 46.51385553078125
560 10 20.625 13.24759526419165
561 10 3.483939706530448 16.27627578808754
562 10 26.64595740916914 43.82000328025018
563 10 3.311041280200819 43.73079834575833
564 10 26.54372845278673 39.98643792452806
565 10 23.11997263340954 38.00832015474472
566 10 23.10306910336236 34.03157941222418
567 10 19.69300145055941 36.05228944772503
568 10 19.66710131828388 32.0629082149381
569 10 16.25758206271046 34.09384096200219
570 10 16.23052540769581 30.11371162916883
571 10 12.78889794807314 32.16347505763792
572 10 12.77010402141919 36.33174874772894
573 10 12.79085430466893 28.163199035698
574 10 16.20408298253708 26.15550180653809
575 10 12.78567042342999 24.20395993382559
576 10 16.18279979385212 22.22075130021162
577 10 9.331134398590379 30.20715364784326
578 10 19.60141185855738 24.15822220465612
579 10 12.74099592328045 20.33836355885876
580 10 19.73295352807865 40.01767535823883
581 10 19.53742739478607 20.28719626910824
582 10 9.506529578649616 22.25725171319424
583 10 9.535914576771136 18.17232851784204
584 10 6.080371568952551 20.16179872052321
585 10 23.02016724226498 22.13950048713838
586 10 22.87265176435537 18.42512136781038
587 10 26.23570002146272 15.94971062987146
588 10 23.15242239522241 41.94580718421447
589 10 23.64896527492893 46.26273475052479
590 10 19.94998905335053 43.97206037147307
591 10 16.43663689863629 42.36689817339585
592 10 12.88108304296905 44.36962219804416
593 10 12.78692133728016 40.30467299080935
594 10 16.27953321644735 38.19452094665003
595 10 9.374252371658201 38.35062658408705
596 10 9.468671848376822 42.25179061132921
597 10 5.877188282826662 40.07609707923682
598 10 9.47589352847567 34.27794403151135
599 10 6.237494642416705 32.86206815637035
600 10 5.910393812901264 28.17937011044454
601 10 15.92433141839714 18.63292187949773
602 10 9.512552991723084 26.20108230092274
603 10 26.54188869996273 32.01061508667333
604 10 26.50358720948493 24.05328590229092
605 10 23.08246393442477 30.05000805128123
606 10 9.603923936953001 13.8481637513974
607 10 17.0473716584931 13.09948157033365
608 10 19.63406854355911 28.10409465143291
609 10 23.0611828150536 26.08731233964309
610 10 5.601083310827178 46.90691491213062
611 10 5.736320296588667 13.1129220747215
612 10 19.18255383100299 16.44752512511279
613 10 24.375 13.03280953555044
614 10 12.5489675243514 16.73885964821077
615 10 20.21840296415564 47.23064460528464
616 10 2.597524564198425 20.10646096877745
617 10 7.032682406743026 16.16531832199805
618 10 6.886631899547128 24.17874663607225
619 10 6.872101179741612 36.32512740375424
620 10 2.387507778864458 28.05472008914421
621 10 2.988512217918874 31.52584325392078
622 10 2.51678132727166 39.97315931851215
623 10 27.09396334469283 47.03340313564953
624 10 13.08601777200619 47.57846344175952
625 10 2.685904755345871 47.23977679186325
626 10 6.670401134965067 43.92832094671412
627 10 2.685904755345871 12.76022320813675
628 10 27.37214000429255 12.59650403308438
629 10 22.62693614638378 15.35641365352646
630 10 15.19162493672332 15.5875517666857
631 41.13452822591773 20.48886325227953 10
632 41.13452822591771 9.511136747720473 10
633 27.94099750675256 9.560468118508375 10
634 27.94099750675256 20.43953188149163 10
635 56.9341697012416 9.568574341391512 10
636 56.99138190000722 20.60702559466252 10
637 19.49224998000946 8.578353985332834 10
638 19.49181078247718 21.42049545466877 10
639 50.50962929387925 3.245383492896421 10
640 50.04113510047486 27.11129887730706 10
641 33.55026203545149 21.38109652729741 10
642 33.55026203545148 8.618903472702593 10
643 44.40981872470314 22.43937795861963 10
644 44.60354091165616 7.671695147477513 10
645 38.70243027948269 26.5752923301989 10
646 38.70243027948268 3.424707669801104 10
647 13.2113696685948 5.662838587107251 10
648 13.24759526419165 24.375 10
649 23.52371297304415 3.223947361382407 10
650 23.51700761344733 26.77218129744935 10
651 31.13573455846267 3.020945488889167 10
652 31.13573455846267 26.97905451111083 10
653 51.41369232373155 17.52629657018906 10
654 53.5242817776501 14.99552676990621 10
655 50.45156705390248 21.02574356892375 10
656 22.92906803469841 9.177655628957808 10
657 22.92903068796948 20.82224653430763 10
658 36.89632070695981 20.68458103849814 10
659 36.89632070695982 9.315418961501866 10
660 13.50033883566375 20.65575349377938 10
661 13.49430123639761 9.350552937405158 10
662 35.85229597913069 24.0799832857731 10
663 35.85229597913069 5.920016714226904 10
664 27.32175815576499 3.203226990498417 10
665 25.42386876322867 6.536256235639389 10
666 27.32064059583219 26.79612778597354 10
667 25.42386876322869 23.46374376436061 10
668 41.41370104449015 24.30030368346623 10
669 44.36719843383381 26.02551525098459 10
670 41.44598807564898 5.718208500883296 10
671 44.11538730511518 4.033850543032459 10
672 19.85778876226513 26.90834967400729 10
673 19.8653828982802 3.092013288022311 10
674 54.21980924964784 3.147032113710273 10
675 52.4621193664101 6.099252504654116 10
676 48.09034339098189 6.070443670175863 10
677 53.90714255647431 26.41379207939437 10
678 56.98966585176399 16.86239315129082 10
679 56.87588056131675 13.15405889886507 10
680 29.26707929112543 6.081014541062148 10
681 29.26689303113663 23.91887792168318 10
682 25.13529656293423 12.00081737625578 10
683 25.13529656293424 17.99918262374423 10
684 38.46154668972466 17.67271752952 10
685 38.46154668972465 12.32728247048 10
686 47.78303372270855 24.14065703875061 10
687 16.03679078817432 3.529713814612946 10
688 16.03984800409007 26.47303743243323 10
689 56.83409176994057 24.23351390656337 10
690 53.99223960213448 22.48183700121928 10
691 56.54272493712254 5.883147794679341 10
692 53.86803795429931 11.33488619454271 10
693 16.24839695722581 7.325725642521231 10
694 16.24839695722581 22.67427435747877 10
695 21.6418699745216 23.91148148683749 10
696 21.64553780586238 6.084568580548311 10
697 50.80831430729936 9.373884703553678 10
698 25.83528034957236 15 10
699 39.84834746964515 15 10
700 47.24965899458477 20.92656322897868 10
701 34.94002046481877 2.786338227977736 10
702 34.94002046481877 27.21366177202227 10
703 47.16167479319536 2.754642402241366 10
704 47.42121481630942 9.217797188521528 10
705 46.9553798605056 27.47656511284945 10
706 32.76005060903692 5.747041778205642 10
707 32.7600347706025 24.25294907746998 10
708 51.25733271810265 12.46820200033537 10
709 51.23502360713893 24.23466571311901 10
710 57.16734000548595 2.825284361974442 10
711 57.17185387124218 27.19672389160936 10
712 38.72139060607658 6.83030194470221 10
713 38.7167781730539 23.172342653062 10
714 12.75498026874452 2.72823420068472 10
715 12.75498026874452 27.27176579931528 10
716 54.44303176620768 18.79705260526269 10
717 18.65767168591043 5.722075062207526 10
718 18.65594289611596 24.27752768108511 10
719 41.61095624402409 2.70654838787731 10
720 41.79597297078956 27.33772234722843 10
721 54.1654819321365 8.559087596709889 10
722 30.87953204413179 8.394983761526564 10
723 30.87951731392602 21.60500773398518 10
724 12.33703391904954 15 10
725 25.35730771690346 9.318799339840337 10
726 25.35729838022124 20.68117620097602 10
727 60 2.886751345948128 5.000000000000001
728 60 27.11324865405187 5.000000000000002
729 60 9.375 3.247595264191645
730 60 16.875 3.247595264191645
731 60 13.125 6.752404735808355
732 60 20.625 6.752404735808355
733 60 13.125 2.94592239733965
734 60 20.57879955638664 2.622274440691525
735 60 9.421200443613362 7.377725559308473
736 60 16.875 7.05407760266035
737 60 5.309352497071316 2.915486887185878
738 60 24.69064750292868 7.084513112814122
739 60 24.14399778193319 3.111372203457627
740 60 5.856002218066807 6.888627796542369
741 60 27.51163858158704 2.356698262381252
742 60 2.488361418412964 7.643301737618746
743 60 2.488361418412966 2.356698262381254
744 60 27.51163858158704 7.643301737618749
745 20.95833333333334 17.69225999652501 5
746 20.95833333333335 12.307740003475 5
747 14.00000000037928 15.00005508410711 7.341535313050095
748 15.50604079256507 11.87267407012788 2.979820483418075
749 15.50604079256506 18.12732592987212 2.979820483418075
750 18.68926622881319 11.05983349770373 2.821075684174357
751 17.09961696772505 11.1026534160802 5.925579836934906
752 18.68926622881998 18.94016650229509 2.821075684170355
753 17.09961696774176 18.89734658392366 5.925579836930577
754 14.00000004791057 14.99938090021762 2.979531301344626
755 19.69085261124597 11.37494586977757 7.432856860505872
756 19.81913188824078 18.56240918104385 7.441848638827931
757 14.85990440309047 17.47786190944317 7.393495191193541
758 14.85955595193493 12.52257973267096 7.394885581178301
759 21.24347819625606 17.34090777059061 2.412441131537304
760 21.24347819625607 12.6590922294094 2.412441131537305
761 14.34210361145813 16.6185777740635 4.979211284779694
762 14.39129117251071 13.27453756969302 4.946013308921998
763 21.41906191684919 12.92394229156521 7.897022282731655
764 21.33391245027097 17.2102098936364 7.624878061098661
765 34.95833333333334 17.69225999652502 5
766 34.95833333333336 12.307740003475 5
767 29.50604079256507 11.87267407012788 2.979820483418279
768 29.50604079256507 18.12732592987212 2.979820483418279
769 28.00000000279121 15.00014943115456 7.341581499143954
770 32.68927299969583 11.0598346821624 2.82111436051988
771 31.09963102749925 11.10265016795285 5.926349613533631
772 32.68927299970262 18.94016531783642 2.821114360515876
773 31.09963102751598 18.89734983205101 5.926349613529299
774 28 15.00000000000037 2.979820483418102
775 33.69082034341071 11.37493081910034 7.432922826336622
776 33.81896560976008 18.56249408568073 7.441981960596543
777 28.85990518392411 17.4778628989622 7.393601767760071
778 28.85952101876976 12.52262401552548 7.394978065608726
779 35.24347819625607 17.34090777059061 2.412441131537306
780 35.24347819625607 12.6590922294094 2.412441131537306
781 28.34221399211028 16.61882720525884 4.979338427808788
782 28.39122463363807 13.27467673894446 4.945997059325345
783 35.41914550495007 12.92407995915551 7.897199677312097
784 35.33394417026718 17.21016204599153 7.625134833919745
785 48.95833333333336 12.307740003475 5
786 48.95833333333334 17.69225999652502 5.000000000000002
787 42.00000000748967 14.99975521975077 2.658459954811088
788 43.50604079256507 18.12732592987212 7.020179516581925
789 43.50604079256507 11.87267407012788 7.020179516581925
790 46.6892662288132 11.05983349770373 7.17892431582564
791 45.09961696772504 11.1026534160802 4.074420163065094
792 46.68926622881998 18.94016650229509 7.178924315829645
793 45.09961696774177 18.89734658392367 4.074420163069421
794 42.00000004791057 14.99938090021762 7.020468698655378
795 47.81913188823635 11.43759081895388 2.55815136117713
796 47.69085261125311 18.6250541302191 2.567143139490562
797 42.85951976851886 17.47737439957633 2.605127000652834
798 42.85994003684691 12.52209293398581 2.606488966302056
799 49.24347819625607 17.3409077705906 7.587558868462693
800 49.24347819625607 12.6590922294094 7.587558868462692
801 42.39101880268834 16.72489266838576 5.054076832709642
802 42.34232239388937 13.38092788000139 5.020658889265601
803 49.33391245026888 12.78979010636045 2.375121938910331
804 49.41906191685451 17.07605770842603 2.102977717260459
805 5.862634410475265 16.74061032864232 5.860050220655444
806 26.58029198205692 7.955986619433925 5.026450680855637
807 26.57757049668482 22.04406240653784 5.024830893995846
808 5.67473691037737 22.74532289517643 5.837754034200237
809 54.78957968754978 13.14951898741705 5.000000000000001
810 5.763422853231376 10.12881317641644 5.842260544756641
811 5.02890193248253 5.284681725395601 8.289351216753595
812 4.966458554503442 22.5180388253553 13.4551469518686
813 20.06938781135819 6.58099791966395 5.070921210288281
814 19.64558980891244 24.22347924889673 4.809222621314294
815 5.010209130169267 4.950900241733653 45.04909975826634
816 4.996713855360253 7.697198191982863 34.69509956391114
817 55.07581543465021 4.924184565349788 4.967270620649929
818 34.25286022288775 6.786598525289191 5.198935045784422
819 11.60338188613276 21.26797774161084 4.985591435143098
820 55.07252049964144 25.07252049964144 4.971248957441611
821 4.967013822522476 14.72049289067796 11.84524166699186
822 4.949704451083675 17.78192990581023 24.92411530694364
823 11.77495859423134 8.609718784554374 4.989743675211543
824 4.980983066186525 21.04357000833505 38.33675381836018
825 4.950801527289877 17.75851988675379 32.60303254388747
826 30.96139653503158 24.9846047836215 5.090960003198784
827 4.936690301824323 24.43618163799649 32.65303388660055
828 4.907029213213689 24.44945166643392 21.12830501224964
829 4.836433435389858 18.90796521369303 19.17480548332739
830 4.998318413223811 15.52640646800749 40.23105611104046
831 39.98635294550323 8.697471345078096 4.766308042025793
832 37.67849169131284 24.86947000068432 5.053896445003252
833 45.61376835623904 24.24700849237852 5.093905202773713
834 5.057791429685296 12.16764866512112 26.18439206203428
835 5.083858757875947 22.19065357572271 27.85760431972458
836 48.68130322492007 6.880284564391731 4.860363986139047
837 5.083037649902961 24.38527904905304 43.84084424581737
838 15.12560417807433 25.14001602889303 4.856913118066045
839 4.923139353777695 13.62104137932679 19.1506467727083
840 9.635926564356103 13.97689632902838 4.729671850488708
841 5.247454760352911 9.450181190267987 11.53748816388804
842 4.935300988848089 4.960586632318984 14.68511883713571
843 4.935891049743384 7.965752689759404 22.90327241499699
844 15.23492958727926 4.776164421110768 4.795488823081373
845 4.886560279834578 11.81397611071742 31.42706618887905
846 5.015668981683717 10.22115812366949 39.97822578482467
847 39.33151175977589 20.390259515669 4.210123648300366
848 4.998711314280787 18.22296817114659 44.8714086650394
849 50.51477082309829 22.71041371642836 5.148013991740355
850 54.86101133307751 19.89439714096088 4.952309001251467
851 5.198893346923859 4.894620834751917 30.19507894635385
852 29.96729825741073 4.473205331730707 5.449686946036629
853 5.052124205268207 10.12348173036061 45.15092871514351
854 4.774271842242235 19.18254261695905 9.921907550981395
855 8.759225994658433 4.634985622579213 4.694556848984134
856 43.76681097489129 5.079409373810188 4.883242216553303
857 4.489925981217104 4.406554340602201 19.5462786174698
858 4.719129645466235 9.548822108423794 16.41692914982931
859 4.915005640384475 5.055532481113373 39.20191693887124
860 5.346606432918938 25.41828223415044 9.73201408518249
861 10.33960086141223 25.77946209181994 5.337616440398333
862 23.98555325062705 4.122925269893472 4.525243847583992
863 23.98256236071155 25.87738750452459 4.523316924551526
864 52.80341361100083 8.960491232403925 5.552354577428559
865 5.187142101143571 13.06614047855993 36.08066855340556
866 4.264293287805883 18.19384372766999 14.7104761099103
867 5.46022358197562 25.67540238571902 37.24320197865079
868 24.07234381351477 10.46703037838732 6.545548395159877
869 4.419660126061245 25.64505971295362 16.74369602759791
870 38.26839158102666 4.399995864649439 5.445696652218727
871 5.460942079650646 4.138599193523305 25.56982000619269
872 3.935611289650745 15.6728129072928 28.75541769278903
873 34.27385486705352 22.20840237112665 5.164799311426921
874 4.274447659982085 3.979763450732806 4.062681164508912
875 24.85547363884321 18.49315210088117 3.948388006496614
876 5.708592873897764 25.89174779241314 25.33744591092044
877 10.0618018141432 17.81417271420883 3.683783420544471
878 41.73897903122993 25.80213067694358 6.010994995792194
879 52.92814906994671 17.24123086642769 3.228657503719467
880 24.78869475205668 12.54341520180055 3.540547185606649
881 38.72273851425292 12.32807278134173 5.947735420577324
882 3.967795941585444 14.19927096474304 45.9679872650927
883 6.042455161044021 8.080446496218908 27.34029216065256
884 4.305415201190009 26.23540616014885 3.851868487343014
885 3.943480130346015 13.45734571802687 7.865224090952392
886 3.783221230065327 17.37279371168572 36.6381749097071
887 3.699255619539533 21.64699167804681 23.96542537905785
888 30.83501496239475 7.823090031174704 3.766354533797715
889 5.100897909273291 13.45148739970285 3.587731445756746
890 3.5588178918372 14.37373838084342 23.00061561865767
891 22.80426598998674 21.32010556733685 5.30724597439749
892 3.440747248378158 21.07398851479225 34.54333708137066
893 3.717307165613307 19.67182121595676 3.975991606085122
894 42.66544331866392 21.96788723746856 6.4644352832896
895 29.99456813695019 21.71915814412124 3.670180199083246
896 3.528548682723233 21.0549745920089 42.12418064264872
897 38.71228553468747 16.84851701088698 5.000000000000001
898 3.977984317182963 25.9189272370121 29.00357190009855
899 3.542950110804836 13.24449129705888 15.31607792275686
900 6.543834655396722 11.67245926582463 22.34623997379181
901 23.09277837568366 8.319626351268223 3.572813235635404
902 6.390474893514327 26.14747132284155 13.41720932573138
903 27.36578027584294 25.57807992575512 6.344125881968687
904 51.70206225227354 26.11456691211187 6.621225362976757
905 6.2509320222692 22.11364578002773 17.22969763528438
906 3.297678977684835 22.46750268653771 46.55681855068953
907 16.30538597689208 21.77283334127285 3.599023832919221
908 16.30210053936204 8.214594994423518 3.59751493634779
909 25.17691654970023 15.37832375154293 5.43125034917021
910 3.392117781320736 4.035655301067969 34.52162690936592
$EndNodes
$Elements
3454
1 2 2 3 1 1 19 305
2 2 2 3 1 31 1 305
3 2 2 3 1 30 2 302
4 2 2 3 1 2 50 302
5 2 2 3 1 3 37 303
6 2 2 3 1 49 3 303
7 2 2 3 1 4 38 301
8 2 2 3 1 56 4 301
9 2 2 3 1 19 20 294
10 2 2 3 1 19 294 305
11 2 2 3 1 20 21 213
12 2 2 3 1 20 213 294
13 2 2 3 1 21 22 284
14 2 2 3 1 213 21 284
15 2 2 3 1 22 23 206
16 2 2 3 1 22 206 284
17 2 2 3 1 23 24 272
18 2 2 3 1 206 23 272
19 2 2 3 1 24 25 270
20 2 2 3 1 24 270 272
21 2 2 3 1 25 26 207
22 2 2 3 1 25 207 270
23 2 2 3 1 26 27 267
24 2 2 3 1 207 26 267
25 2 2 3 1 27 28 212
26 2 2 3 1 27 212 267
27 2 2 3 1 28 29 288
28 2 2 3 1 212 28 288
29 2 2 3 1 29 30 218
30 2 2 3 1 29 218 288
31 2 2 3 1 218 30 302
32 2 2 3 1 32 31 296
33 2 2 3 1 296 31 305
34 2 2 3 1 33 32 215
35 2 2 3 1 215 32 296
36 2 2 3 1 34 33 299
37 2 2 3 1 33 215 299
38 2 2 3 1 35 34 209
39 2 2 3 1 209 34 299
40 2 2 3 1 36 35 300
41 2 2 3 1 35 209 300
42 2 2 3 1 37 36 271
43 2 2 3 1 271 36 300
44 2 2 3 1 37 271 303
45 2 2 3 1 38 39 255
46 2 2 3 1 38 255 301
47 2 2 3 1 39 40 214
48 2 2 3 1 39 214 255
49 2 2 3 1 40 41 265
50 2 2 3 1 214 40 265
51 2 2 3 1 41 42 205
52 2 2 3 1 41 205 265
53 2 2 3 1 42 43 282
54 2 2 3 1 205 42 282
55 2 2 3 1 43 44 274
56 2 2 3 1 43 274 282
57 2 2 3 1 44 45 208
58 2 2 3 1 44 208 274
59 2 2 3 1 45 46 276
60 2 2 3 1 208 45 276
61 2 2 3 1 46 47 211
62 2 2 3 1 46 211 276
63 2 2 3 1 47 48 219
64 2 2 3 1 211 47 219
65 2 2 3 1 48 49 217
66 2 2 3 1 48 217 219
67 2 2 3 1 217 49 303
68 2 2 3 1 50 51 285
69 2 2 3 1 50 285 302
70 2 2 3 1 51 52 277
71 2 2 3 1 51 277 285
72 2 2 3 1 52 53 210
73 2 2 3 1 52 210 277
74 2 2 3 1 53 54 278
75 2 2 3 1 210 53 278
76 2 2 3 1 54 55 216
77 2 2 3 1 54 216 278
78 2 2 3 1 55 56 293
79 2 2 3 1 216 55 293
80 2 2 3 1 293 56 301
81 2 2 3 1 205 259 265
82 2 2 3 1 259 205 266
83 2 2 3 1 266 205 282
84 2 2 3 1 206 272 273
85 2 2 3 1 206 273 304
86 2 2 3 1 284 206 304
87 2 2 3 1 207 267 268
88 2 2 3 1 207 268 269
89 2 2 3 1 207 269 270
90 2 2 3 1 208 264 275
91 2 2 3 1 264 208 276
92 2 2 3 1 274 208 275
93 2 2 3 1 209 251 256
94 2 2 3 1 251 209 299
95 2 2 3 1 209 256 257
96 2 2 3 1 209 257 300
97 2 2 3 1 277 210 307
98 2 2 3 1 210 278 298
99 2 2 3 1 210 298 307
100 2 2 3 1 211 219 220
101 2 2 3 1 211 220 221
102 2 2 3 1 211 221 276
103 2 2 3 1 262 212 288
104 2 2 3 1 212 262 290
105 2 2 3 1 267 212 306
106 2 2 3 1 212 290 306
107 2 2 3 1 249 213 284
108 2 2 3 1 213 249 287
109 2 2 3 1 252 213 287
110 2 2 3 1 213 252 294
111 2 2 3 1 214 253 254
112 2 2 3 1 253 214 265
113 2 2 3 1 214 254 255
114 2 2 3 1 215 250 251
115 2 2 3 1 250 215 252
116 2 2 3 1 215 251 299
117 2 2 3 1 252 215 296
118 2 2 3 1 278 216 297
119 2 2 3 1 216 293 308
120 2 2 3 1 297 216 308
121 2 2 3 1 219 217 258
122 2 2 3 1 258 217 271
123 2 2 3 1 271 217 303
124 2 2 3 1 218 285 295
125 2 2 3 1 285 218 302
126 2 2 3 1 288 218 295
127 2 2 3 1 220 219 258
128 2 2 3 1 221 220 222
129 2 2 3 1 222 220 241
130 2 2 3 1 241 220 258
131 2 2 3 1 221 222 223
132 2 2 3 1 221 223 264
133 2 2 3 1 221 264 276
134 2 2 3 1 223 222 224
135 2 2 3 1 224 222 263
136 2 2 3 1 222 241 263
137 2 2 3 1 223 224 225
138 2 2 3 1 223 225 279
139 2 2 3 1 264 223 279
140 2 2 3 1 225 224 226
141 2 2 3 1 226 224 236
142 2 2 3 1 236 224 263
143 2 2 3 1 225 226 227
144 2 2 3 1 225 227 228
145 2 2 3 1 225 228 279
146 2 2 3 1 227 226 286
147 2 2 3 1 226 236 242
148 2 2 3 1 226 242 286
149 2 2 3 1 228 227 229
150 2 2 3 1 229 227 237
151 2 2 3 1 237 227 286
152 2 2 3 1 228 229 230
153 2 2 3 1 228 230 281
154 2 2 3 1 279 228 281
155 2 2 3 1 230 229 231
156 2 2 3 1 231 229 291
157 2 2 3 1 229 237 291
158 2 2 3 1 230 231 232
159 2 2 3 1 230 232 239
160 2 2 3 1 230 239 281
161 2 2 3 1 232 231 233
162 2 2 3 1 233 231 292
163 2 2 3 1 231 291 292
164 2 2 3 1 232 233 234
165 2 2 3 1 232 234 280
166 2 2 3 1 239 232 280
167 2 2 3 1 234 233 235
168 2 2 3 1 235 233 245
169 2 2 3 1 245 233 292
170 2 2 3 1 234 235 238
171 2 2 3 1 234 238 240
172 2 2 3 1 234 240 280
173 2 2 3 1 238 235 260
174 2 2 3 1 235 245 246
175 2 2 3 1 235 246 260
176 2 2 3 1 242 236 243
177 2 2 3 1 243 236 244
178 2 2 3 1 244 236 263
179 2 2 3 1 269 237 289
180 2 2 3 1 237 269 291
181 2 2 3 1 273 237 286
182 2 2 3 1 237 273 289
183 2 2 3 1 240 238 247
184 2 2 3 1 247 238 248
185 2 2 3 1 248 238 260
186 2 2 3 1 266 239 280
187 2 2 3 1 239 266 283
188 2 2 3 1 281 239 283
189 2 2 3 1 240 247 253
190 2 2 3 1 240 253 259
191 2 2 3 1 240 259 280
192 2 2 3 1 256 241 257
193 2 2 3 1 241 256 263
194 2 2 3 1 257 241 258
195 2 2 3 1 242 243 249
196 2 2 3 1 242 249 304
197 2 2 3 1 286 242 304
198 2 2 3 1 243 244 250
199 2 2 3 1 249 243 287
200 2 2 3 1 243 250 287
201 2 2 3 1 250 244 251
202 2 2 3 1 251 244 256
203 2 2 3 1 256 244 263
204 2 2 3 1 246 245 290
205 2 2 3 1 268 245 292
206 2 2 3 1 245 268 306
207 2 2 3 1 290 245 306
208 2 2 3 1 260 246 261
209 2 2 3 1 261 246 262
210 2 2 3 1 262 246 290
211 2 2 3 1 247 248 297
212 2 2 3 1 253 247 254
213 2 2 3 1 254 247 297
214 2 2 3 1 248 260 298
215 2 2 3 1 248 278 297
216 2 2 3 1 278 248 298
217 2 2 3 1 249 284 304
218 2 2 3 1 250 252 287
219 2 2 3 1 294 252 296
220 2 2 3 1 259 253 265
221 2 2 3 1 255 254 308
222 2 2 3 1 254 297 308
223 2 2 3 1 255 293 301
224 2 2 3 1 293 255 308
225 2 2 3 1 257 258 271
226 2 2 3 1 257 271 300
227 2 2 3 1 259 266 280
228 2 2 3 1 260 261 298
229 2 2 3 1 261 262 295
230 2 2 3 1 261 295 307
231 2 2 3 1 298 261 307
232 2 2 3 1 262 288 295
233 2 2 3 1 275 264 279
234 2 2 3 1 266 282 283
235 2 2 3 1 268 267 306
236 2 2 3 1 269 268 292
237 2 2 3 1 270 269 289
238 2 2 3 1 291 269 292
239 2 2 3 1 272 270 289
240 2 2 3 1 273 272 289
241 2 2 3 1 273 286 304
242 2 2 3 1 274 275 283
243 2 2 3 1 282 274 283
244 2 2 3 1 275 279 281
245 2 2 3 1 275 281 283
246 2 2 3 1 285 277 295
247 2 2 3 1 295 277 307
248 2 2 3 1 294 296 305
249 2 2 1 3 1 31 464
250 2 2 1 3 57 1 464
251 2 2 1 3 37 3 462
252 2 2 1 3 3 96 462
253 2 2 1 3 5 70 461
254 2 2 1 3 110 5 461
255 2 2 1 3 109 9 460
256 2 2 1 3 9 116 460
257 2 2 1 3 10 117 449
258 2 2 1 3 122 10 448
259 2 2 1 3 10 432 448
260 2 2 1 3 432 10 449
261 2 2 1 3 11 123 476
262 2 2 1 3 128 11 477
263 2 2 1 3 433 11 476
264 2 2 1 3 11 433 477
265 2 2 1 3 12 129 463
266 2 2 1 3 134 12 465
267 2 2 1 3 418 12 463
268 2 2 1 3 12 418 465
269 2 2 1 3 31 32 435
270 2 2 1 3 31 435 464
271 2 2 1 3 32 33 364
272 2 2 1 3 32 364 435
273 2 2 1 3 33 34 421
274 2 2 1 3 364 33 421
275 2 2 1 3 34 35 424
276 2 2 1 3 421 34 424
277 2 2 1 3 35 36 363
278 2 2 1 3 35 363 424
279 2 2 1 3 36 37 439
280 2 2 1 3 363 36 439
281 2 2 1 3 439 37 462
282 2 2 1 3 58 57 410
283 2 2 1 3 410 57 464
284 2 2 1 3 59 58 381
285 2 2 1 3 381 58 410
286 2 2 1 3 60 59 404
287 2 2 1 3 59 381 404
288 2 2 1 3 61 60 395
289 2 2 1 3 395 60 404
290 2 2 1 3 62 61 457
291 2 2 1 3 61 395 457
292 2 2 1 3 63 62 385
293 2 2 1 3 385 62 457
294 2 2 1 3 64 63 407
295 2 2 1 3 63 385 407
296 2 2 1 3 65 64 406
297 2 2 1 3 406 64 407
298 2 2 1 3 66 65 382
299 2 2 1 3 382 65 406
300 2 2 1 3 67 66 402
301 2 2 1 3 66 382 402
302 2 2 1 3 68 67 392
303 2 2 1 3 392 67 402
304 2 2 1 3 69 68 458
305 2 2 1 3 68 392 458
306 2 2 1 3 70 69 386
307 2 2 1 3 386 69 458
308 2 2 1 3 70 386 461
309 2 2 1 3 96 97 412
310 2 2 1 3 96 412 462
311 2 2 1 3 97 98 380
312 2 2 1 3 97 380 412
313 2 2 1 3 98 99 405
314 2 2 1 3 380 98 405
315 2 2 1 3 99 100 393
316 2 2 1 3 99 393 405
317 2 2 1 3 100 101 456
318 2 2 1 3 393 100 456
319 2 2 1 3 101 102 384
320 2 2 1 3 101 384 456
321 2 2 1 3 102 103 409
322 2 2 1 3 384 102 409
323 2 2 1 3 103 104 408
324 2 2 1 3 103 408 409
325 2 2 1 3 104 105 383
326 2 2 1 3 104 383 408
327 2 2 1 3 105 106 403
328 2 2 1 3 383 105 403
329 2 2 1 3 106 107 394
330 2 2 1 3 106 394 403
331 2 2 1 3 107 108 459
332 2 2 1 3 394 107 459
333 2 2 1 3 108 109 387
334 2 2 1 3 108 387 459
335 2 2 1 3 387 109 460
336 2 2 1 3 111 110 437
337 2 2 1 3 437 110 461
338 2 2 1 3 112 111 373
339 2 2 1 3 373 111 437
340 2 2 1 3 113 112 417
341 2 2 1 3 112 373 417
342 2 2 1 3 114 113 416
343 2 2 1 3 416 113 417
344 2 2 1 3 115 114 372
345 2 2 1 3 372 114 416
346 2 2 1 3 116 115 438
347 2 2 1 3 115 372 438
348 2 2 1 3 116 438 460
349 2 2 1 3 117 118 378
350 2 2 1 3 117 378 391
351 2 2 1 3 117 391 449
352 2 2 1 3 118 119 368
353 2 2 1 3 118 368 420
354 2 2 1 3 378 118 420
355 2 2 1 3 119 120 365
356 2 2 1 3 119 365 467
357 2 2 1 3 368 119 467
358 2 2 1 3 120 121 369
359 2 2 1 3 365 120 466
360 2 2 1 3 120 369 466
361 2 2 1 3 121 122 377
362 2 2 1 3 369 121 419
363 2 2 1 3 121 377 419
364 2 2 1 3 377 122 390
365 2 2 1 3 390 122 448
366 2 2 1 3 123 124 374
367 2 2 1 3 123 374 397
368 2 2 1 3 123 397 476
369 2 2 1 3 124 125 366
370 2 2 1 3 124 366 478
371 2 2 1 3 374 124 478
372 2 2 1 3 125 126 432
373 2 2 1 3 366 125 471
374 2 2 1 3 125 432 471
375 2 2 1 3 126 127 367
376 2 2 1 3 126 367 468
377 2 2 1 3 432 126 468
378 2 2 1 3 127 128 375
379 2 2 1 3 367 127 479
380 2 2 1 3 127 375 479
381 2 2 1 3 375 128 396
382 2 2 1 3 396 128 477
383 2 2 1 3 129 130 379
384 2 2 1 3 129 379 389
385 2 2 1 3 129 389 463
386 2 2 1 3 130 131 371
387 2 2 1 3 130 371 415
388 2 2 1 3 379 130 415
389 2 2 1 3 131 132 433
390 2 2 1 3 371 131 444
391 2 2 1 3 131 433 444
392 2 2 1 3 132 133 370
393 2 2 1 3 132 370 445
394 2 2 1 3 433 132 445
395 2 2 1 3 133 134 376
396 2 2 1 3 370 133 414
397 2 2 1 3 133 376 414
398 2 2 1 3 376 134 388
399 2 2 1 3 388 134 465
400 2 2 1 3 424 363 425
401 2 2 1 3 425 363 470
402 2 2 1 3 363 439 470
403 2 2 1 3 364 421 422
404 2 2 1 3 364 422 469
405 2 2 1 3 435 364 469
406 2 2 1 3 451 365 452
407 2 2 1 3 365 451 467
408 2 2 1 3 452 365 466
409 2 2 1 3 366 391 453
410 2 2 1 3 391 366 471
411 2 2 1 3 443 366 453
412 2 2 1 3 366 443 478
413 2 2 1 3 390 367 450
414 2 2 1 3 367 390 468
415 2 2 1 3 367 440 450
416 2 2 1 3 440 367 479
417 2 2 1 3 420 368 426
418 2 2 1 3 426 368 427
419 2 2 1 3 427 368 467
420 2 2 1 3 369 419 428
421 2 2 1 3 369 428 429
422 2 2 1 3 369 429 466
423 2 2 1 3 396 370 430
424 2 2 1 3 370 396 445
425 2 2 1 3 370 414 430
426 2 2 1 3 371 397 431
427 2 2 1 3 397 371 444
428 2 2 1 3 415 371 431
429 2 2 1 3 372 416 436
430 2 2 1 3 372 436 441
431 2 2 1 3 438 372 441
432 2 2 1 3 417 373 434
433 2 2 1 3 434 373 442
434 2 2 1 3 373 437 442
435 2 2 1 3 397 374 446
436 2 2 1 3 446 374 454
437 2 2 1 3 454 374 478
438 2 2 1 3 375 396 447
439 2 2 1 3 375 447 455
440 2 2 1 3 375 455 479
441 2 2 1 3 376 388 401
442 2 2 1 3 376 401 474
443 2 2 1 3 414 376 474
444 2 2 1 3 377 390 398
445 2 2 1 3 377 398 472
446 2 2 1 3 419 377 472
447 2 2 1 3 391 378 399
448 2 2 1 3 399 378 473
449 2 2 1 3 378 420 473
450 2 2 1 3 389 379 400
451 2 2 1 3 400 379 475
452 2 2 1 3 379 415 475
453 2 2 1 3 380 405 426
454 2 2 1 3 412 380 413
455 2 2 1 3 413 380 426
456 2 2 1 3 404 381 428
457 2 2 1 3 381 410 411
458 2 2 1 3 381 411 428
459 2 2 1 3 402 382 430
460 2 2 1 3 382 406 447
461 2 2 1 3 430 382 447
462 2 2 1 3 383 403 431
463 2 2 1 3 408 383 446
464 2 2 1 3 383 431 446
465 2 2 1 3 399 384 453
466 2 2 1 3 384 399 456
467 2 2 1 3 384 409 443
468 2 2 1 3 384 443 453
469 2 2 1 3 385 398 450
470 2 2 1 3 398 385 457
471 2 2 1 3 407 385 440
472 2 2 1 3 440 385 450
473 2 2 1 3 386 401 442
474 2 2 1 3 401 386 458
475 2 2 1 3 437 386 442
476 2 2 1 3 386 437 461
477 2 2 1 3 400 387 441
478 2 2 1 3 387 400 459
479 2 2 1 3 387 438 441
480 2 2 1 3 438 387 460
481 2 2 1 3 401 388 442
482 2 2 1 3 388 434 442
483 2 2 1 3 434 388 465
484 2 2 1 3 389 400 441
485 2 2 1 3 436 389 441
486 2 2 1 3 389 436 463
487 2 2 1 3 398 390 450
488 2 2 1 3 390 448 468
489 2 2 1 3 391 399 453
490 2 2 1 3 449 391 471
491 2 2 1 3 392 402 414
492 2 2 1 3 392 414 474
493 2 2 1 3 458 392 474
494 2 2 1 3 405 393 420
495 2 2 1 3 420 393 473
496 2 2 1 3 393 456 473
497 2 2 1 3 403 394 415
498 2 2 1 3 415 394 475
499 2 2 1 3 394 459 475
500 2 2 1 3 395 404 419
501 2 2 1 3 395 419 472
502 2 2 1 3 457 395 472
503 2 2 1 3 396 430 447
504 2 2 1 3 445 396 477
505 2 2 1 3 431 397 446
506 2 2 1 3 397 444 476
507 2 2 1 3 398 457 472
508 2 2 1 3 456 399 473
509 2 2 1 3 459 400 475
510 2 2 1 3 401 458 474
511 2 2 1 3 414 402 430
512 2 2 1 3 403 415 431
513 2 2 1 3 419 404 428
514 2 2 1 3 405 420 426
515 2 2 1 3 406 407 455
516 2 2 1 3 447 406 455
517 2 2 1 3 407 440 455
518 2 2 1 3 409 408 454
519 2 2 1 3 408 446 454
520 2 2 1 3 443 409 454
521 2 2 1 3 411 410 435
522 2 2 1 3 435 410 464
523 2 2 1 3 428 411 429
524 2 2 1 3 429 411 469
525 2 2 1 3 411 435 469
526 2 2 1 3 412 413 439
527 2 2 1 3 412 439 462
528 2 2 1 3 413 426 427
529 2 2 1 3 413 427 470
530 2 2 1 3 439 413 470
531 2 2 1 3 416 417 418
532 2 2 1 3 416 418 436
533 2 2 1 3 418 417 434
534 2 2 1 3 418 434 465
535 2 2 1 3 436 418 463
536 2 2 1 3 422 421 423
537 2 2 1 3 423 421 424
538 2 2 1 3 422 423 452
539 2 2 1 3 429 422 452
540 2 2 1 3 422 429 469
541 2 2 1 3 423 424 425
542 2 2 1 3 423 425 451
543 2 2 1 3 423 451 452
544 2 2 1 3 425 427 451
545 2 2 1 3 427 425 470
546 2 2 1 3 451 427 467
547 2 2 1 3 429 452 466
548 2 2 1 3 448 432 468
549 2 2 1 3 432 449 471
550 2 2 1 3 444 433 476
551 2 2 1 3 433 445 477
552 2 2 1 3 455 440 479
553 2 2 1 3 443 454 478
554 2 2 2 5 2 548 50
555 2 2 2 5 71 548 2
556 2 2 2 5 56 549 4
557 2 2 2 5 4 549 135
558 2 2 2 5 6 551 72
559 2 2 2 5 160 551 6
560 2 2 2 5 136 550 13
561 2 2 2 5 13 550 166
562 2 2 2 5 50 544 51
563 2 2 2 5 50 548 544
564 2 2 2 5 51 536 52
565 2 2 2 5 51 544 536
566 2 2 2 5 52 540 53
567 2 2 2 5 536 540 52
568 2 2 2 5 53 537 54
569 2 2 2 5 53 540 537
570 2 2 2 5 54 541 55
571 2 2 2 5 537 541 54
572 2 2 2 5 55 546 56
573 2 2 2 5 541 546 55
574 2 2 2 5 546 549 56
575 2 2 2 5 72 535 71
576 2 2 2 5 535 548 71
577 2 2 2 5 72 551 535
578 2 2 2 5 135 534 136
579 2 2 2 5 135 549 534
580 2 2 2 5 534 550 136
581 2 2 2 5 161 547 160
582 2 2 2 5 547 551 160
583 2 2 2 5 162 542 161
584 2 2 2 5 542 547 161
585 2 2 2 5 163 538 162
586 2 2 2 5 538 542 162
587 2 2 2 5 164 543 163
588 2 2 2 5 163 543 538
589 2 2 2 5 165 539 164
590 2 2 2 5 539 543 164
591 2 2 2 5 166 545 165
592 2 2 2 5 165 545 539
593 2 2 2 5 166 550 545
594 2 2 2 5 534 546 545
595 2 2 2 5 545 550 534
596 2 2 2 5 534 549 546
597 2 2 2 5 535 547 544
598 2 2 2 5 544 548 535
599 2 2 2 5 535 551 547
600 2 2 2 5 538 540 536
601 2 2 2 5 536 542 538
602 2 2 2 5 536 547 542
603 2 2 2 5 544 547 536
604 2 2 2 5 537 540 538
605 2 2 2 5 538 543 537
606 2 2 2 5 539 541 537
607 2 2 2 5 537 543 539
608 2 2 2 5 539 546 541
609 2 2 2 5 545 546 539
610 4 2 4 1 815 846 626 859
611 4 2 4 1 672 814 718 838
612 4 2 4 1 531 549 301 482
613 4 2 4 1 534 301 549 482
614 4 2 4 1 356 817 458 836
615 4 2 4 1 204 653 654 879
616 4 2 4 1 301 482 534 837
617 4 2 4 1 825 835 608 872
618 4 2 4 1 214 254 253 896
619 4 2 4 1 672 492 814 838
620 4 2 4 1 364 810 215 874
621 4 2 4 1 214 837 254 896
622 4 2 4 1 626 846 815 853
623 4 2 4 1 717 813 673 844
624 4 2 4 1 825 827 568 835
625 4 2 4 1 214 867 837 896
626 4 2 4 1 702 826 832 873
627 4 2 4 1 214 253 867 896
628 4 2 4 1 644 789 790 856
629 4 2 4 1 458 817 401 836
630 4 2 4 1 736 809 678 850
631 4 2 4 1 653 204 799 879
632 4 2 4 1 534 482 550 623
633 4 2 4 1 702 707 826 873
634 4 2 4 1 696 868 665 901
635 4 2 4 1 726 807 777 875
636 4 2 4 1 487 702 826 832
637 4 2 4 1 735 635 809 864
638 4 2 4 1 673 813 321 844
639 4 2 4 1 482 623 534 837
640 4 2 4 1 534 549 301 906
641 4 2 4 1 313 639 817 836
642 4 2 4 1 427 808 470 877
643 4 2 4 1 506 456 501 814
644 4 2 4 1 735 817 635 864
645 4 2 4 1 701 818 316 852
646 4 2 4 1 581 585 829 887
647 4 2 4 1 837 848 615 906
648 4 2 4 1 335 330 457 813
649 4 2 4 1 822 608 835 872
650 4 2 4 1 828 829 585 887
651 4 2 4 1 581 829 578 887
652 4 2 4 1 714 647 844 855
653 4 2 4 1 822 578 829 887
654 4 2 4 1 789 791 790 856
655 4 2 4 1 280 825 835 892
656 4 2 4 1 239 280 825 835
657 4 2 4 1 427 819 808 877
658 4 2 4 1 482 533 550 623
659 4 2 4 1 470 877 808 893
660 4 2 4 1 714 167 647 855
661 4 2 4 1 601 839 829 866
662 4 2 4 1 675 817 639 836
663 4 2 4 1 318 167 811 842
664 4 2 4 1 654 809 204 879
665 4 2 4 1 696 813 868 901
666 4 2 4 1 672 718 688 838
667 4 2 4 1 518 826 408 832
668 4 2 4 1 459 527 833 904
669 4 2 4 1 702 662 707 873
670 4 2 4 1 318 627 167 842
671 4 2 4 1 506 814 492 838
672 4 2 4 1 581 578 585 887
673 4 2 4 1 345 701 316 852
674 4 2 4 1 807 875 726 891
675 4 2 4 1 514 531 301 482
676 4 2 4 1 534 301 837 906
677 4 2 4 1 605 568 827 835
678 4 2 4 1 714 844 322 855
679 4 2 4 1 506 393 456 814
680 4 2 4 1 805 808 171 877
681 4 2 4 1 630 839 601 866
682 4 2 4 1 266 280 835 892
683 4 2 4 1 644 831 789 856
684 4 2 4 1 408 832 826 873
685 4 2 4 1 596 846 626 853
686 4 2 4 1 469 855 810 874
687 4 2 4 1 457 395 335 813
688 4 2 4 1 576 822 829 890
689 4 2 4 1 706 818 701 852
690 4 2 4 1 680 806 722 888
691 4 2 4 1 761 747 757 877
692 4 2 4 1 550 545 534 623
693 4 2 4 1 830 848 580 896
694 4 2 4 1 487 826 518 832
695 4 2 4 1 392 324 458 836
696 4 2 4 1 696 665 862 901
697 4 2 4 1 808 819 171 877
698 4 2 4 1 576 829 839 890
699 4 2 4 1 608 570 825 872
700 4 2 4 1 721 635 817 864
701 4 2 4 1 681 723 807 895
702 4 2 4 1 316 818 347 852
703 4 2 4 1 807 863 453 891
704 4 2 4 1 298 846 830 882
705 4 2 4 1 239 266 280 835
706 4 2 4 1 335 321 813 844
707 4 2 4 1 841 858 554 899
708 4 2 4 1 470 427 413 808
709 4 2 4 1 702 832 662 873
710 4 2 4 1 816 845 577 851
711 4 2 4 1 696 862 813 901
712 4 2 4 1 590 615 837 848
713 4 2 4 1 748 762 466 823
714 4 2 4 1 672 814 492 863
715 4 2 4 1 353 703 639 836
716 4 2 4 1 823 844 647 855
717 4 2 4 1 687 717 673 844
718 4 2 4 1 321 813 673 862
719 4 2 4 1 318 811 331 842
720 4 2 4 1 440 852 806 862
721 4 2 4 1 706 701 651 852
722 4 2 4 1 331 284 337 842
723 4 2 4 1 824 830 580 896
724 4 2 4 1 568 827 825 892
725 4 2 4 1 413 808 427 819
726 4 2 4 1 239 835 825 872
727 4 2 4 1 577 851 845 883
728 4 2 4 1 672 688 492 838
729 4 2 4 1 691 721 635 817
730 4 2 4 1 287 811 250 841
731 4 2 4 1 630 839 866 899
732 4 2 4 1 321 330 335 813
733 4 2 4 1 506 501 492 814
734 4 2 4 1 568 608 825 835
735 4 2 4 1 458 386 401 817
736 4 2 4 1 298 853 846 882
737 4 2 4 1 356 313 817 836
738 4 2 4 1 258 220 854 860
739 4 2 4 1 611 811 167 842
740 4 2 4 1 812 854 220 860
741 4 2 4 1 425 877 470 893
742 4 2 4 1 762 466 823 840
743 4 2 4 1 534 623 545 837
744 4 2 4 1 824 867 253 896
745 4 2 4 1 373 809 434 864
746 4 2 4 1 810 823 429 840
747 4 2 4 1 514 482 301 837
748 4 2 4 1 821 841 554 899
749 4 2 4 1 333 334 404 855
750 4 2 4 1 295 846 815 859
751 4 2 4 1 373 442 817 864
752 4 2 4 1 334 844 404 855
753 4 2 4 1 592 830 593 846
754 4 2 4 1 568 566 827 892
755 4 2 4 1 324 836 392 856
756 4 2 4 1 406 818 347 870
757 4 2 4 1 816 846 290 859
758 4 2 4 1 653 799 850 879
759 4 2 4 1 433 787 201 881
760 4 2 4 1 597 626 846 859
761 4 2 4 1 333 404 381 855
762 4 2 4 1 501 814 456 863
763 4 2 4 1 691 635 735 817
764 4 2 4 1 729 809 373 864
765 4 2 4 1 681 826 723 895
766 4 2 4 1 345 651 701 852
767 4 2 4 1 615 589 837 906
768 4 2 4 1 170 840 805 877
769 4 2 4 1 345 316 347 852
770 4 2 4 1 457 813 330 862
771 4 2 4 1 790 836 644 856
772 4 2 4 1 584 857 843 858
773 4 2 4 1 574 608 822 872
774 4 2 4 1 399 453 863 891
775 4 2 4 1 824 837 588 867
776 4 2 4 1 465 803 434 809
777 4 2 4 1 611 841 811 842
778 4 2 4 1 495 394 459 833
779 4 2 4 1 422 810 429 840
780 4 2 4 1 575 822 576 890
781 4 2 4 1 406 347 818 852
782 4 2 4 1 696 656 665 868
783 4 2 4 1 803 434 809 864
784 4 2 4 1 687 673 321 844
785 4 2 4 1 266 835 827 892
786 4 2 4 1 356 386 458 817
787 4 2 4 1 170 805 840 885
788 4 2 4 1 575 834 822 890
789 4 2 4 1 771 722 806 888
790 4 2 4 1 506 393 814 838
791 4 2 4 1 392 458 474 836
792 4 2 4 1 322 844 334 855
793 4 2 4 1 567 566 568 892
794 4 2 4 1 250 811 810 841
795 4 2 4 1 213 331 811 842
796 4 2 4 1 614 554 858 899
797 4 2 4 1 815 846 295 853
798 4 2 4 1 703 836 353 856
799 4 2 4 1 330 813 321 862
800 4 2 4 1 492 814 501 863
801 4 2 4 1 729 373 817 864
802 4 2 4 1 729 735 809 864
803 4 2 4 1 324 356 458 836
804 4 2 4 1 465 203 803 809
805 4 2 4 1 716 654 653 879
806 4 2 4 1 591 848 830 882
807 4 2 4 1 825 845 569 865
808 4 2 4 1 766 770 780 818
809 4 2 4 1 808 258 854 860
810 4 2 4 1 333 322 334 855
811 4 2 4 1 494 861 860 884
812 4 2 4 1 773 807 723 895
813 4 2 4 1 695 814 672 863
814 4 2 4 1 583 858 843 900
815 4 2 4 1 860 861 808 884
816 4 2 4 1 700 792 833 849
817 4 2 4 1 659 831 818 881
818 4 2 4 1 805 821 170 854
819 4 2 4 1 574 570 608 872
820 4 2 4 1 673 813 696 862
821 4 2 4 1 567 568 825 892
822 4 2 4 1 714 322 167 855
823 4 2 4 1 575 890 576 900
824 4 2 4 1 292 845 851 883
825 4 2 4 1 335 813 395 844
826 4 2 4 1 705 686 833 904
827 4 2 4 1 606 554 841 858
828 4 2 4 1 459 394 475 833
829 4 2 4 1 566 824 867 892
830 4 2 4 1 201 881 787 897
831 4 2 4 1 574 822 575 834
832 4 2 4 1 580 830 591 848
833 4 2 4 1 818 831 766 881
834 4 2 4 1 808 819 413 861
835 4 2 4 1 829 839 225 866
836 4 2 4 1 225 866 839 899
837 4 2 4 1 591 830 592 882
838 4 2 4 1 373 733 417 809
839 4 2 4 1 611 167 627 842
840 4 2 4 1 298 260 830 846
841 4 2 4 1 688 503 492 838
842 4 2 4 1 736 679 678 809
843 4 2 4 1 612 601 829 866
844 4 2 4 1 290 816 246 846
845 4 2 4 1 566 867 827 892
846 4 2 4 1 825 570 845 872
847 4 2 4 1 656 696 813 868
848 4 2 4 1 567 824 566 892
849 4 2 4 1 241 258 220 854
850 4 2 4 1 596 597 626 846
851 4 2 4 1 171 757 747 877
852 4 2 4 1 729 817 735 864
853 4 2 4 1 411 855 469 874
854 4 2 4 1 650 672 509 863
855 4 2 4 1 653 799 655 850
856 4 2 4 1 571 569 845 865
857 4 2 4 1 803 465 434 388
858 4 2 4 1 630 866 821 899
859 4 2 4 1 318 331 337 842
860 4 2 4 1 575 834 890 900
861 4 2 4 1 338 673 649 862
862 4 2 4 1 452 422 429 840
863 4 2 4 1 695 672 650 863
864 4 2 4 1 827 835 825 892
865 4 2 4 1 445 787 433 881
866 4 2 4 1 272 346 857 871
867 4 2 4 1 576 575 574 822
868 4 2 4 1 564 588 837 867
869 4 2 4 1 791 789 831 856
870 4 2 4 1 649 673 696 862
871 4 2 4 1 812 860 211 902
872 4 2 4 1 214 483 837 867
873 4 2 4 1 239 822 835 872
874 4 2 4 1 445 780 831 881
875 4 2 4 1 440 385 852 862
876 4 2 4 1 208 517 274 828
877 4 2 4 1 583 584 843 858
878 4 2 4 1 683 726 777 875
879 4 2 4 1 708 800 204 809
880 4 2 4 1 347 818 316 870
881 4 2 4 1 590 615 589 837
882 4 2 4 1 224 866 225 899
883 4 2 4 1 415 878 431 894
884 4 2 4 1 644 632 789 831
885 4 2 4 1 670 831 644 856
886 4 2 4 1 211 812 220 860
887 4 2 4 1 693 844 823 908
888 4 2 4 1 272 270 346 871
889 4 2 4 1 607 560 854 866
890 4 2 4 1 443 863 807 903
891 4 2 4 1 385 340 852 862
892 4 2 4 1 808 877 805 893
893 4 2 4 1 431 878 847 894
894 4 2 4 1 399 391 453 891
895 4 2 4 1 353 836 324 856
896 4 2 4 1 415 833 878 894
897 4 2 4 1 617 842 857 858
898 4 2 4 1 169 170 840 885
899 4 2 4 1 705 833 524 904
900 4 2 4 1 526 564 837 867
901 4 2 4 1 716 653 850 879
902 4 2 4 1 694 660 648 838
903 4 2 4 1 680 852 806 888
904 4 2 4 1 215 810 252 874
905 4 2 4 1 818 831 712 870
906 4 2 4 1 693 823 661 908
907 4 2 4 1 423 451 425 877
908 4 2 4 1 736 730 809 850
909 4 2 4 1 213 284 331 842
910 4 2 4 1 612 630 601 866
911 4 2 4 1 509 672 492 863
912 4 2 4 1 473 456 393 814
913 4 2 4 1 687 321 332 844
914 4 2 4 1 690 689 636 850
915 4 2 4 1 708 800 809 864
916 4 2 4 1 803 388 434 864
917 4 2 4 1 810 840 422 889
918 4 2 4 1 171 808 805 854
919 4 2 4 1 272 857 289 871
920 4 2 4 1 261 846 298 853
921 4 2 4 1 517 274 828 876
922 4 2 4 1 321 673 338 862
923 4 2 4 1 221 223 812 905
924 4 2 4 1 457 472 395 813
925 4 2 4 1 825 886 567 892
926 4 2 4 1 228 279 822 829
927 4 2 4 1 221 264 223 905
928 4 2 4 1 466 429 823 840
929 4 2 4 1 234 233 825 865
930 4 2 4 1 401 836 817 864
931 4 2 4 1 812 854 560 866
932 4 2 4 1 440 806 450 862
933 4 2 4 1 527 495 459 833
934 4 2 4 1 824 567 886 892
935 4 2 4 1 445 433 201 881
936 4 2 4 1 634 777 726 807
937 4 2 4 1 644 790 704 836
938 4 2 4 1 692 809 635 864
939 4 2 4 1 660 819 648 838
940 4 2 4 1 507 412 861 884
941 4 2 4 1 487 702 516 826
942 4 2 4 1 576 829 601 839
943 4 2 4 1 791 836 790 856
944 4 2 4 1 389 786 804 879
945 4 2 4 1 223 866 812 905
946 4 2 4 1 570 573 845 872
947 4 2 4 1 168 810 823 855
948 4 2 4 1 379 833 796 849
949 4 2 4 1 796 786 804 389
950 4 2 4 1 264 828 279 829
951 4 2 4 1 837 867 824 896
952 4 2 4 1 406 818 455 852
953 4 2 4 1 387 849 820 904
954 4 2 4 1 655 799 849 850
955 4 2 4 1 442 437 373 817
956 4 2 4 1 443 453 807 863
957 4 2 4 1 445 201 780 881
958 4 2 4 1 694 753 660 907
959 4 2 4 1 751 693 661 908
960 4 2 4 1 595 816 619 859
961 4 2 4 1 693 647 823 844
962 4 2 4 1 233 845 825 865
963 4 2 4 1 565 824 588 867
964 4 2 4 1 172 854 812 860
965 4 2 4 1 287 249 811 841
966 4 2 4 1 786 849 799 850
967 4 2 4 1 258 217 860 884
968 4 2 4 1 762 823 758 840
969 4 2 4 1 817 836 675 864
970 4 2 4 1 272 289 270 871
971 4 2 4 1 634 681 723 807
972 4 2 4 1 443 807 895 903
973 4 2 4 1 633 722 680 806
974 4 2 4 1 718 814 694 838
975 4 2 4 1 634 723 773 807
976 4 2 4 1 423 840 451 877
977 4 2 4 1 771 722 633 806
978 4 2 4 1 262 290 846 859
979 4 2 4 1 380 507 412 861
980 4 2 4 1 595 846 816 859
981 4 2 4 1 664 852 320 862
982 4 2 4 1 404 844 428 855
983 4 2 4 1 590 580 848 896
984 4 2 4 1 292 851 268 883
985 4 2 4 1 659 712 818 831
986 4 2 4 1 702 652 516 826
987 4 2 4 1 556 843 857 871
988 4 2 4 1 578 609 585 887
989 4 2 4 1 694 838 814 907
990 4 2 4 1 693 813 717 844
991 4 2 4 1 408 826 454 873
992 4 2 4 1 828 829 264 905
993 4 2 4 1 168 811 810 855
994 4 2 4 1 264 829 223 905
995 4 2 4 1 429 422 469 810
996 4 2 4 1 205 486 265 827
997 4 2 4 1 755 656 813 868
998 4 2 4 1 392 836 474 856
999 4 2 4 1 201 780 477 445
1000 4 2 4 1 674 313 639 817
1001 4 2 4 1 406 347 326 870
1002 4 2 4 1 172 171 808 819
1003 4 2 4 1 773 723 826 895
1004 4 2 4 1 409 499 511 903
1005 4 2 4 1 172 808 854 860
1006 4 2 4 1 606 614 554 858
1007 4 2 4 1 816 846 595 865
1008 4 2 4 1 617 857 584 858
1009 4 2 4 1 524 833 527 904
1010 4 2 4 1 408 446 832 873
1011 4 2 4 1 168 811 611 841
1012 4 2 4 1 507 380 504 861
1013 4 2 4 1 443 895 826 903
1014 4 2 4 1 243 821 236 841
1015 4 2 4 1 316 818 701 870
1016 4 2 4 1 805 170 821 885
1017 4 2 4 1 443 826 409 903
1018 4 2 4 1 234 865 825 886
1019 4 2 4 1 813 844 693 908
1020 4 2 4 1 578 835 609 887
1021 4 2 4 1 690 820 689 850
1022 4 2 4 1 246 846 816 865
1023 4 2 4 1 762 754 466 840
1024 4 2 4 1 358 318 167 811
1025 4 2 4 1 291 843 834 883
1026 4 2 4 1 423 805 840 877
1027 4 2 4 1 753 819 660 907
1028 4 2 4 1 455 852 818 888
1029 4 2 4 1 609 876 585 887
1030 4 2 4 1 776 765 658 784
1031 4 2 4 1 399 863 814 891
1032 4 2 4 1 404 428 381 855
1033 4 2 4 1 703 676 836 856
1034 4 2 4 1 665 806 680 852
1035 4 2 4 1 486 265 827 867
1036 4 2 4 1 279 822 829 887
1037 4 2 4 1 249 811 841 842
1038 4 2 4 1 598 816 595 865
1039 4 2 4 1 415 431 847 894
1040 4 2 4 1 447 831 818 870
1041 4 2 4 1 578 822 835 887
1042 4 2 4 1 574 834 573 872
1043 4 2 4 1 502 211 219 860
1044 4 2 4 1 221 869 264 905
1045 4 2 4 1 438 441 372 850
1046 4 2 4 1 228 829 822 890
1047 4 2 4 1 353 356 324 836
1048 4 2 4 1 172 808 173 861
1049 4 2 4 1 726 875 683 891
1050 4 2 4 1 167 168 647 855
1051 4 2 4 1 508 211 860 902
1052 4 2 4 1 594 830 824 886
1053 4 2 4 1 279 829 828 887
1054 4 2 4 1 172 173 808 860
1055 4 2 4 1 566 824 565 867
1056 4 2 4 1 808 860 173 861
1057 4 2 4 1 328 407 340 852
1058 4 2 4 1 263 854 821 885
1059 4 2 4 1 702 707 652 826
1060 4 2 4 1 644 670 632 831
1061 4 2 4 1 442 401 817 864
1062 4 2 4 1 647 661 693 823
1063 4 2 4 1 574 822 834 872
1064 4 2 4 1 773 826 723 873
1065 4 2 4 1 803 795 388 864
1066 4 2 4 1 674 639 675 817
1067 4 2 4 1 369 748 466 823
1068 4 2 4 1 784 847 658 897
1069 4 2 4 1 236 841 821 899
1070 4 2 4 1 403 833 495 878
1071 4 2 4 1 630 821 554 899
1072 4 2 4 1 407 385 340 852
1073 4 2 4 1 273 843 857 858
1074 4 2 4 1 594 824 567 886
1075 4 2 4 1 605 827 603 898
1076 4 2 4 1 360 302 548 815
1077 4 2 4 1 412 413 861 884
1078 4 2 4 1 808 861 413 884
1079 4 2 4 1 708 809 692 864
1080 4 2 4 1 809 850 730 879
1081 4 2 4 1 607 854 821 866
1082 4 2 4 1 258 860 808 884
1083 4 2 4 1 656 637 755 813
1084 4 2 4 1 783 659 775 881
1085 4 2 4 1 409 511 384 903
1086 4 2 4 1 546 549 534 906
1087 4 2 4 1 428 844 823 855
1088 4 2 4 1 281 239 822 835
1089 4 2 4 1 608 570 568 825
1090 4 2 4 1 311 360 548 815
1091 4 2 4 1 400 849 387 904
1092 4 2 4 1 298 261 260 846
1093 4 2 4 1 751 661 823 908
1094 4 2 4 1 447 818 406 870
1095 4 2 4 1 577 816 598 845
1096 4 2 4 1 203 465 418 809
1097 4 2 4 1 313 353 639 836
1098 4 2 4 1 459 400 387 904
1099 4 2 4 1 168 823 647 855
1100 4 2 4 1 805 423 840 889
1101 4 2 4 1 243 841 236 899
1102 4 2 4 1 423 425 805 877
1103 4 2 4 1 798 787 445 881
1104 4 2 4 1 664 665 680 852
1105 4 2 4 1 588 837 824 896
1106 4 2 4 1 373 434 442 864
1107 4 2 4 1 172 560 812 854
1108 4 2 4 1 236 243 244 821
1109 4 2 4 1 425 427 470 877
1110 4 2 4 1 503 506 492 838
1111 4 2 4 1 605 603 552 898
1112 4 2 4 1 262 290 246 846
1113 4 2 4 1 703 676 639 836
1114 4 2 4 1 502 508 211 860
1115 4 2 4 1 169 840 810 885
1116 4 2 4 1 517 828 208 869
1117 4 2 4 1 694 814 753 907
1118 4 2 4 1 580 824 594 830
1119 4 2 4 1 784 765 658 847
1120 4 2 4 1 526 564 562 837
1121 4 2 4 1 494 173 860 861
1122 4 2 4 1 569 567 825 886
1123 4 2 4 1 700 833 686 849
1124 4 2 4 1 751 813 693 908
1125 4 2 4 1 545 534 837 906
1126 4 2 4 1 574 573 570 872
1127 4 2 4 1 399 814 391 891
1128 4 2 4 1 257 808 258 854
1129 4 2 4 1 751 637 693 813
1130 4 2 4 1 694 638 753 814
1131 4 2 4 1 580 588 824 896
1132 4 2 4 1 621 851 352 910
1133 4 2 4 1 707 723 826 873
1134 4 2 4 1 396 780 770 818
1135 4 2 4 1 663 818 712 870
1136 4 2 4 1 605 568 566 827
1137 4 2 4 1 576 890 839 900
1138 4 2 4 1 443 409 384 903
1139 4 2 4 1 697 790 800 836
1140 4 2 4 1 784 658 684 897
1141 4 2 4 1 250 841 810 885
1142 4 2 4 1 705 640 686 904
1143 4 2 4 1 793 833 792 849
1144 4 2 4 1 257 258 241 854
1145 4 2 4 1 382 406 326 870
1146 4 2 4 1 223 222 812 866
1147 4 2 4 1 548 535 311 815
1148 4 2 4 1 416 809 730 879
1149 4 2 4 1 443 384 863 903
1150 4 2 4 1 708 204 654 809
1151 4 2 4 1 810 811 252 874
1152 4 2 4 1 824 247 886 896
1153 4 2 4 1 828 585 876 887
1154 4 2 4 1 744 530 481 820
1155 4 2 4 1 614 630 554 899
1156 4 2 4 1 171 170 805 877
1157 4 2 4 1 221 223 222 812
1158 4 2 4 1 713 847 832 894
1159 4 2 4 1 220 812 222 854
1160 4 2 4 1 830 886 247 896
1161 4 2 4 1 438 820 441 850
1162 4 2 4 1 729 373 437 817
1163 4 2 4 1 834 845 573 872
1164 4 2 4 1 713 658 832 847
1165 4 2 4 1 289 857 843 871
1166 4 2 4 1 551 311 535 815
1167 4 2 4 1 762 758 747 840
1168 4 2 4 1 742 310 359 817
1169 4 2 4 1 812 211 869 902
1170 4 2 4 1 736 678 636 850
1171 4 2 4 1 658 832 847 873
1172 4 2 4 1 659 712 663 818
1173 4 2 4 1 556 857 348 871
1174 4 2 4 1 296 215 252 874
1175 4 2 4 1 383 403 522 878
1176 4 2 4 1 325 621 352 910
1177 4 2 4 1 693 637 717 813
1178 4 2 4 1 295 262 846 859
1179 4 2 4 1 599 816 577 851
1180 4 2 4 1 694 718 638 814
1181 4 2 4 1 245 246 816 865
1182 4 2 4 1 759 875 391 891
1183 4 2 4 1 380 412 413 861
1184 4 2 4 1 201 787 433 897
1185 4 2 4 1 568 605 608 835
1186 4 2 4 1 292 291 834 883
1187 4 2 4 1 409 826 499 903
1188 4 2 4 1 569 865 594 886
1189 4 2 4 1 822 281 835 887
1190 4 2 4 1 408 497 518 832
1191 4 2 4 1 611 168 167 811
1192 4 2 4 1 403 394 495 833
1193 4 2 4 1 257 808 854 893
1194 4 2 4 1 643 700 792 833
1195 4 2 4 1 778 868 769 909
1196 4 2 4 1 785 800 790 836
1197 4 2 4 1 169 747 758 840
1198 4 2 4 1 825 845 233 872
1199 4 2 4 1 473 814 838 907
1200 4 2 4 1 578 822 608 835
1201 4 2 4 1 329 348 616 857
1202 4 2 4 1 473 814 393 838
1203 4 2 4 1 239 230 822 872
1204 4 2 4 1 569 594 567 886
1205 4 2 4 1 596 592 846 853
1206 4 2 4 1 583 843 582 900
1207 4 2 4 1 475 833 379 849
1208 4 2 4 1 358 331 318 811
1209 4 2 4 1 607 821 630 866
1210 4 2 4 1 219 217 480 860
1211 4 2 4 1 759 752 745 891
1212 4 2 4 1 744 481 728 820
1213 4 2 4 1 220 222 241 854
1214 4 2 4 1 771 818 722 888
1215 4 2 4 1 551 361 311 815
1216 4 2 4 1 217 480 860 884
1217 4 2 4 1 766 783 775 881
1218 4 2 4 1 263 256 854 885
1219 4 2 4 1 567 565 566 824
1220 4 2 4 1 228 225 829 890
1221 4 2 4 1 466 452 429 840
1222 4 2 4 1 239 825 232 872
1223 4 2 4 1 590 848 837 896
1224 4 2 4 1 658 765 776 873
1225 4 2 4 1 565 588 564 867
1226 4 2 4 1 292 834 845 883
1227 4 2 4 1 256 854 805 893
1228 4 2 4 1 793 796 833 849
1229 4 2 4 1 742 727 310 817
1230 4 2 4 1 692 679 635 809
1231 4 2 4 1 517 208 491 869
1232 4 2 4 1 812 866 560 905
1233 4 2 4 1 556 616 348 857
1234 4 2 4 1 695 863 667 891
1235 4 2 4 1 344 815 563 859
1236 4 2 4 1 408 454 446 873
1237 4 2 4 1 431 832 847 878
1238 4 2 4 1 590 580 591 848
1239 4 2 4 1 569 825 865 886
1240 4 2 4 1 313 674 341 817
1241 4 2 4 1 219 211 220 860
1242 4 2 4 1 172 819 808 861
1243 4 2 4 1 517 488 274 876
1244 4 2 4 1 425 805 877 893
1245 4 2 4 1 727 743 310 817
1246 4 2 4 1 523 552 603 898
1247 4 2 4 1 407 440 385 852
1248 4 2 4 1 649 664 338 862
1249 4 2 4 1 761 840 747 877
1250 4 2 4 1 598 845 816 865
1251 4 2 4 1 421 299 364 889
1252 4 2 4 1 237 839 890 900
1253 4 2 4 1 551 625 361 815
1254 4 2 4 1 580 590 588 896
1255 4 2 4 1 741 728 481 820
1256 4 2 4 1 788 684 631 897
1257 4 2 4 1 810 855 811 874
1258 4 2 4 1 553 859 816 910
1259 4 2 4 1 744 711 530 820
1260 4 2 4 1 573 845 834 883
1261 4 2 4 1 621 599 851 910
1262 4 2 4 1 172 808 171 854
1263 4 2 4 1 314 719 856 870
1264 4 2 4 1 780 766 831 881
1265 4 2 4 1 830 846 260 865
1266 4 2 4 1 414 376 791 836
1267 4 2 4 1 277 536 285 815
1268 4 2 4 1 788 794 684 897
1269 4 2 4 1 261 298 307 853
1270 4 2 4 1 803 809 785 864
1271 4 2 4 1 795 836 388 864
1272 4 2 4 1 824 886 830 896
1273 4 2 4 1 414 791 831 856
1274 4 2 4 1 389 441 849 850
1275 4 2 4 1 406 407 347 852
1276 4 2 4 1 617 584 583 858
1277 4 2 4 1 841 842 606 858
1278 4 2 4 1 605 552 835 898
1279 4 2 4 1 328 347 407 852
1280 4 2 4 1 169 758 823 840
1281 4 2 4 1 259 827 265 867
1282 4 2 4 1 557 496 603 827
1283 4 2 4 1 335 332 321 844
1284 4 2 4 1 710 742 359 817
1285 4 2 4 1 364 215 810 889
1286 4 2 4 1 213 811 249 842
1287 4 2 4 1 511 863 384 903
1288 4 2 4 1 438 739 820 850
1289 4 2 4 1 252 810 250 811
1290 4 2 4 1 395 813 472 844
1291 4 2 4 1 630 614 839 899
1292 4 2 4 1 402 351 856 870
1293 4 2 4 1 483 526 837 867
1294 4 2 4 1 604 519 558 828
1295 4 2 4 1 346 270 317 871
1296 4 2 4 1 310 743 362 817
1297 4 2 4 1 414 836 791 856
1298 4 2 4 1 273 286 843 858
1299 4 2 4 1 237 286 839 900
1300 4 2 4 1 571 570 573 845
1301 4 2 4 1 260 846 246 865
1302 4 2 4 1 447 406 382 870
1303 4 2 4 1 169 823 810 840
1304 4 2 4 1 452 422 840 889
1305 4 2 4 1 816 851 599 910
1306 4 2 4 1 741 481 532 820
1307 4 2 4 1 573 577 845 883
1308 4 2 4 1 514 301 255 837
1309 4 2 4 1 609 835 876 887
1310 4 2 4 1 385 440 450 862
1311 4 2 4 1 518 487 516 826
1312 4 2 4 1 773 826 873 895
1313 4 2 4 1 223 829 866 905
1314 4 2 4 1 343 312 218 815
1315 4 2 4 1 219 258 217 860
1316 4 2 4 1 796 379 793 833
1317 4 2 4 1 522 403 495 878
1318 4 2 4 1 670 831 856 870
1319 4 2 4 1 389 850 849 879
1320 4 2 4 1 649 665 664 862
1321 4 2 4 1 658 847 765 873
1322 4 2 4 1 799 786 850 879
1323 4 2 4 1 237 843 286 900
1324 4 2 4 1 232 825 233 872
1325 4 2 4 1 279 228 822 887
1326 4 2 4 1 606 841 611 842
1327 4 2 4 1 588 590 837 896
1328 4 2 4 1 252 250 287 811
1329 4 2 4 1 209 889 424 893
1330 4 2 4 1 556 843 584 857
1331 4 2 4 1 237 839 227 890
1332 4 2 4 1 340 320 852 862
1333 4 2 4 1 386 356 342 817
1334 4 2 4 1 754 466 748 762
1335 4 2 4 1 500 558 519 828
1336 4 2 4 1 171 819 757 877
1337 4 2 4 1 695 814 863 891
1338 4 2 4 1 707 641 723 873
1339 4 2 4 1 810 811 168 841
1340 4 2 4 1 519 828 604 876
1341 4 2 4 1 373 729 733 809
1342 4 2 4 1 170 169 821 885
1343 4 2 4 1 472 844 813 908
1344 4 2 4 1 691 735 740 817
1345 4 2 4 1 253 259 867 892
1346 4 2 4 1 828 264 869 905
1347 4 2 4 1 219 480 502 860
1348 4 2 4 1 443 384 453 863
1349 4 2 4 1 239 230 281 822
1350 4 2 4 1 287 249 213 811
1351 4 2 4 1 596 592 593 846
1352 4 2 4 1 283 274 876 887
1353 4 2 4 1 594 580 567 824
1354 4 2 4 1 527 524 495 833
1355 4 2 4 1 417 434 373 809
1356 4 2 4 1 243 841 250 885
1357 4 2 4 1 536 544 285 815
1358 4 2 4 1 320 338 664 862
1359 4 2 4 1 828 869 558 905
1360 4 2 4 1 408 383 497 832
1361 4 2 4 1 605 835 827 898
1362 4 2 4 1 238 247 830 886
1363 4 2 4 1 323 358 167 811
1364 4 2 4 1 523 603 827 898
1365 4 2 4 1 839 858 583 900
1366 4 2 4 1 491 208 276 869
1367 4 2 4 1 415 833 403 878
1368 4 2 4 1 251 805 885 889
1369 4 2 4 1 225 839 829 890
1370 4 2 4 1 447 430 831 870
1371 4 2 4 1 261 295 846 853
1372 4 2 4 1 221 812 211 869
1373 4 2 4 1 553 619 816 859
1374 4 2 4 1 426 413 819 861
1375 4 2 4 1 539 615 848 906
1376 4 2 4 1 678 679 654 809
1377 4 2 4 1 459 387 527 904
1378 4 2 4 1 697 836 800 864
1379 4 2 4 1 167 323 811 855
1380 4 2 4 1 721 692 635 864
1381 4 2 4 1 500 558 828 869
1382 4 2 4 1 279 828 264 887
1383 4 2 4 1 372 416 734 850
1384 4 2 4 1 761 757 819 877
1385 4 2 4 1 617 606 842 858
1386 4 2 4 1 656 696 637 813
1387 4 2 4 1 243 287 250 841
1388 4 2 4 1 469 422 364 810
1389 4 2 4 1 816 845 245 865
1390 4 2 4 1 247 248 830 896
1391 4 2 4 1 232 239 280 825
1392 4 2 4 1 618 843 556 871
1393 4 2 4 1 803 785 795 864
1394 4 2 4 1 221 812 869 905
1395 4 2 4 1 275 208 274 828
1396 4 2 4 1 648 838 819 861
1397 4 2 4 1 642 706 722 818
1398 4 2 4 1 259 205 265 827
1399 4 2 4 1 415 403 431 878
1400 4 2 4 1 251 209 805 889
1401 4 2 4 1 830 848 248 882
1402 4 2 4 1 461 362 743 817
1403 4 2 4 1 800 836 785 864
1404 4 2 4 1 496 827 557 867
1405 4 2 4 1 786 389 796 849
1406 4 2 4 1 389 849 786 879
1407 4 2 4 1 667 863 807 891
1408 4 2 4 1 670 856 719 870
1409 4 2 4 1 731 679 736 809
1410 4 2 4 1 460 741 532 820
1411 4 2 4 1 207 851 350 871
1412 4 2 4 1 314 856 351 870
1413 4 2 4 1 801 794 788 897
1414 4 2 4 1 523 603 496 827
1415 4 2 4 1 430 856 831 870
1416 4 2 4 1 415 847 371 894
1417 4 2 4 1 621 325 553 910
1418 4 2 4 1 612 560 866 905
1419 4 2 4 1 277 285 295 815
1420 4 2 4 1 701 818 663 870
1421 4 2 4 1 402 856 430 870
1422 4 2 4 1 610 815 547 853
1423 4 2 4 1 690 849 820 850
1424 4 2 4 1 767 367 806 880
1425 4 2 4 1 676 644 836 856
1426 4 2 4 1 418 809 416 879
1427 4 2 4 1 704 790 697 836
1428 4 2 4 1 171 805 170 854
1429 4 2 4 1 440 806 852 888
1430 4 2 4 1 314 349 719 870
1431 4 2 4 1 553 816 599 910
1432 4 2 4 1 406 455 407 852
1433 4 2 4 1 228 225 279 829
1434 4 2 4 1 441 820 849 850
1435 4 2 4 1 415 793 833 894
1436 4 2 4 1 477 433 201 445
1437 4 2 4 1 223 264 279 829
1438 4 2 4 1 253 259 265 867
1439 4 2 4 1 757 660 753 819
1440 4 2 4 1 169 841 821 885
1441 4 2 4 1 480 494 529 860
1442 4 2 4 1 257 854 256 893
1443 4 2 4 1 346 348 857 871
1444 4 2 4 1 251 805 256 885
1445 4 2 4 1 695 650 667 863
1446 4 2 4 1 713 832 878 894
1447 4 2 4 1 696 665 649 862
1448 4 2 4 1 617 606 611 842
1449 4 2 4 1 658 847 684 897
1450 4 2 4 1 480 494 860 884
1451 4 2 4 1 423 452 451 840
1452 4 2 4 1 405 505 504 861
1453 4 2 4 1 785 803 203 809
1454 4 2 4 1 738 732 689 820
1455 4 2 4 1 686 849 833 904
1456 4 2 4 1 313 356 353 836
1457 4 2 4 1 483 255 214 837
1458 4 2 4 1 422 364 810 889
1459 4 2 4 1 445 780 396 831
1460 4 2 4 1 662 713 658 832
1461 4 2 4 1 209 805 889 893
1462 4 2 4 1 552 876 835 898
1463 4 2 4 1 242 841 243 899
1464 4 2 4 1 536 815 277 853
1465 4 2 4 1 614 858 839 899
1466 4 2 4 1 705 669 524 833
1467 4 2 4 1 204 800 785 809
1468 4 2 4 1 405 504 380 861
1469 4 2 4 1 517 500 828 869
1470 4 2 4 1 220 211 221 812
1471 4 2 4 1 684 847 631 897
1472 4 2 4 1 617 842 561 857
1473 4 2 4 1 238 247 248 830
1474 4 2 4 1 598 571 845 865
1475 4 2 4 1 256 805 854 885
1476 4 2 4 1 798 802 787 881
1477 4 2 4 1 552 523 498 898
1478 4 2 4 1 500 587 558 869
1479 4 2 4 1 291 269 843 883
1480 4 2 4 1 705 524 640 904
1481 4 2 4 1 518 499 409 826
1482 4 2 4 1 808 884 439 893
1483 4 2 4 1 670 712 831 870
1484 4 2 4 1 598 595 572 865
1485 4 2 4 1 378 391 399 814
1486 4 2 4 1 662 832 658 873
1487 4 2 4 1 271 884 808 893
1488 4 2 4 1 631 847 713 894
1489 4 2 4 1 737 729 437 817
1490 4 2 4 1 445 831 798 881
1491 4 2 4 1 253 867 824 892
1492 4 2 4 1 624 592 853 882
1493 4 2 4 1 416 418 417 809
1494 4 2 4 1 765 847 779 873
1495 4 2 4 1 485 833 669 878
1496 4 2 4 1 418 465 434 809
1497 4 2 4 1 493 838 715 861
1498 4 2 4 1 578 608 609 835
1499 4 2 4 1 594 865 830 886
1500 4 2 4 1 414 474 376 836
1501 4 2 4 1 621 553 599 910
1502 4 2 4 1 432 449 199 875
1503 4 2 4 1 405 838 505 861
1504 4 2 4 1 314 351 349 870
1505 4 2 4 1 643 833 792 894
1506 4 2 4 1 576 581 601 829
1507 4 2 4 1 714 332 322 844
1508 4 2 4 1 209 256 251 805
1509 4 2 4 1 755 868 813 901
1510 4 2 4 1 493 503 715 838
1511 4 2 4 1 248 848 830 896
1512 4 2 4 1 593 592 591 830
1513 4 2 4 1 235 260 246 865
1514 4 2 4 1 364 299 215 889
1515 4 2 4 1 593 846 830 865
1516 4 2 4 1 298 830 248 882
1517 4 2 4 1 456 814 399 863
1518 4 2 4 1 819 838 426 861
1519 4 2 4 1 234 233 232 825
1520 4 2 4 1 388 836 401 864
1521 4 2 4 1 708 654 692 809
1522 4 2 4 1 389 436 441 850
1523 4 2 4 1 317 270 207 871
1524 4 2 4 1 754 365 466 840
1525 4 2 4 1 827 867 259 892
1526 4 2 4 1 510 587 500 869
1527 4 2 4 1 807 863 667 903
1528 4 2 4 1 408 518 409 826
1529 4 2 4 1 312 288 815 859
1530 4 2 4 1 231 292 291 834
1531 4 2 4 1 529 494 173 860
1532 4 2 4 1 637 751 755 813
1533 4 2 4 1 172 812 613 860
1534 4 2 4 1 317 207 350 871
1535 4 2 4 1 644 704 676 836
1536 4 2 4 1 169 810 841 885
1537 4 2 4 1 360 343 302 815
1538 4 2 4 1 283 275 274 887
1539 4 2 4 1 653 655 716 850
1540 4 2 4 1 225 839 226 899
1541 4 2 4 1 507 861 494 884
1542 4 2 4 1 223 829 225 866
1543 4 2 4 1 553 325 859 910
1544 4 2 4 1 751 661 758 823
1545 4 2 4 1 800 785 809 864
1546 4 2 4 1 778 782 868 909
1547 4 2 4 1 612 560 607 866
1548 4 2 4 1 583 584 582 843
1549 4 2 4 1 233 245 845 865
1550 4 2 4 1 765 847 784 897
1551 4 2 4 1 402 382 351 870
1552 4 2 4 1 271 439 884 893
1553 4 2 4 1 514 255 483 837
1554 4 2 4 1 457 398 813 862
1555 4 2 4 1 545 623 589 837
1556 4 2 4 1 295 815 288 859
1557 4 2 4 1 555 592 624 882
1558 4 2 4 1 396 818 447 831
1559 4 2 4 1 812 222 854 866
1560 4 2 4 1 555 543 848 882
1561 4 2 4 1 223 225 224 866
1562 4 2 4 1 224 225 226 899
1563 4 2 4 1 292 245 816 845
1564 4 2 4 1 703 671 676 856
1565 4 2 4 1 208 828 264 869
1566 4 2 4 1 725 806 665 868
1567 4 2 4 1 379 796 389 849
1568 4 2 4 1 366 807 453 875
1569 4 2 4 1 562 515 526 837
1570 4 2 4 1 389 436 850 879
1571 4 2 4 1 544 548 302 815
1572 4 2 4 1 237 286 227 839
1573 4 2 4 1 306 268 816 910
1574 4 2 4 1 171 170 821 854
1575 4 2 4 1 424 299 421 889
1576 4 2 4 1 806 868 782 880
1577 4 2 4 1 545 837 589 906
1578 4 2 4 1 806 880 367 901
1579 4 2 4 1 214 253 265 867
1580 4 2 4 1 276 208 264 869
1581 4 2 4 1 442 388 401 864
1582 4 2 4 1 213 249 284 842
1583 4 2 4 1 442 401 386 817
1584 4 2 4 1 283 876 835 887
1585 4 2 4 1 655 849 690 850
1586 4 2 4 1 767 806 782 880
1587 4 2 4 1 414 474 836 856
1588 4 2 4 1 663 701 706 818
1589 4 2 4 1 432 875 199 909
1590 4 2 4 1 840 885 805 889
1591 4 2 4 1 274 283 876 898
1592 4 2 4 1 399 456 473 814
1593 4 2 4 1 405 426 838 861
1594 4 2 4 1 615 539 589 906
1595 4 2 4 1 607 630 612 866
1596 4 2 4 1 816 859 290 910
1597 4 2 4 1 277 815 295 853
1598 4 2 4 1 288 218 312 815
1599 4 2 4 1 255 837 301 906
1600 4 2 4 1 279 281 228 887
1601 4 2 4 1 215 251 810 889
1602 4 2 4 1 599 598 577 816
1603 4 2 4 1 426 838 819 907
1604 4 2 4 1 416 730 850 879
1605 4 2 4 1 648 819 172 861
1606 4 2 4 1 428 823 411 855
1607 4 2 4 1 292 834 231 845
1608 4 2 4 1 725 633 806 868
1609 4 2 4 1 508 869 211 902
1610 4 2 4 1 585 586 581 905
1611 4 2 4 1 312 815 344 859
1612 4 2 4 1 683 764 875 909
1613 4 2 4 1 593 830 594 865
1614 4 2 4 1 281 822 228 887
1615 4 2 4 1 246 290 245 816
1616 4 2 4 1 263 224 236 821
1617 4 2 4 1 486 525 265 867
1618 4 2 4 1 275 279 264 887
1619 4 2 4 1 224 821 263 866
1620 4 2 4 1 457 398 472 813
1621 4 2 4 1 169 168 810 823
1622 4 2 4 1 702 487 645 832
1623 4 2 4 1 200 682 763 868
1624 4 2 4 1 656 725 665 868
1625 4 2 4 1 255 301 293 906
1626 4 2 4 1 613 860 812 902
1627 4 2 4 1 754 749 467 877
1628 4 2 4 1 339 561 842 857
1629 4 2 4 1 236 821 224 899
1630 4 2 4 1 556 618 584 843
1631 4 2 4 1 576 839 579 900
1632 4 2 4 1 753 638 756 814
1633 4 2 4 1 778 782 806 868
1634 4 2 4 1 540 853 210 882
1635 4 2 4 1 235 830 260 865
1636 4 2 4 1 242 858 841 899
1637 4 2 4 1 715 838 648 861
1638 4 2 4 1 586 828 558 905
1639 4 2 4 1 770 375 396 818
1640 4 2 4 1 517 491 500 869
1641 4 2 4 1 835 876 283 898
1642 4 2 4 1 583 579 839 900
1643 4 2 4 1 713 631 658 847
1644 4 2 4 1 275 264 828 887
1645 4 2 4 1 249 842 841 858
1646 4 2 4 1 204 809 203 879
1647 4 2 4 1 467 749 368 877
1648 4 2 4 1 821 866 224 899
1649 4 2 4 1 231 845 834 872
1650 4 2 4 1 683 875 764 891
1651 4 2 4 1 769 868 682 909
1652 4 2 4 1 497 487 518 832
1653 4 2 4 1 810 885 840 889
1654 4 2 4 1 428 429 411 823
1655 4 2 4 1 304 857 842 858
1656 4 2 4 1 382 326 351 870
1657 4 2 4 1 609 835 552 876
1658 4 2 4 1 260 235 238 830
1659 4 2 4 1 821 854 805 885
1660 4 2 4 1 556 584 616 857
1661 4 2 4 1 167 811 168 855
1662 4 2 4 1 782 880 868 909
1663 4 2 4 1 263 854 222 866
1664 4 2 4 1 263 821 854 866
1665 4 2 4 1 778 806 633 868
1666 4 2 4 1 593 572 846 865
1667 4 2 4 1 171 821 607 854
1668 4 2 4 1 609 605 552 835
1669 4 2 4 1 572 595 846 865
1670 4 2 4 1 747 169 724 840
1671 4 2 4 1 323 811 855 874
1672 4 2 4 1 555 543 615 848
1673 4 2 4 1 506 505 393 838
1674 4 2 4 1 718 694 688 838
1675 4 2 4 1 204 785 203 809
1676 4 2 4 1 238 830 235 886
1677 4 2 4 1 322 323 167 855
1678 4 2 4 1 485 524 669 833
1679 4 2 4 1 454 873 826 895
1680 4 2 4 1 607 560 171 854
1681 4 2 4 1 268 851 816 910
1682 4 2 4 1 614 583 839 858
1683 4 2 4 1 788 195 684 794
1684 4 2 4 1 693 717 687 844
1685 4 2 4 1 778 769 782 909
1686 4 2 4 1 295 262 261 846
1687 4 2 4 1 544 535 548 815
1688 4 2 4 1 214 255 254 837
1689 4 2 4 1 268 292 245 816
1690 4 2 4 1 415 793 379 833
1691 4 2 4 1 454 374 873 895
1692 4 2 4 1 827 835 266 898
1693 4 2 4 1 413 439 470 808
1694 4 2 4 1 319 337 284 842
1695 4 2 4 1 347 316 326 870
1696 4 2 4 1 313 342 356 817
1697 4 2 4 1 339 329 561 857
1698 4 2 4 1 473 838 420 907
1699 4 2 4 1 718 672 695 814
1700 4 2 4 1 576 601 579 839
1701 4 2 4 1 466 429 369 823
1702 4 2 4 1 652 516 826 903
1703 4 2 4 1 723 681 707 826
1704 4 2 4 1 690 820 849 904
1705 4 2 4 1 562 623 515 837
1706 4 2 4 1 717 696 673 813
1707 4 2 4 1 230 872 229 890
1708 4 2 4 1 171 170 607 821
1709 4 2 4 1 426 413 427 819
1710 4 2 4 1 251 885 810 889
1711 4 2 4 1 619 595 598 816
1712 4 2 4 1 557 827 566 867
1713 4 2 4 1 234 235 233 865
1714 4 2 4 1 209 256 805 893
1715 4 2 4 1 284 206 319 842
1716 4 2 4 1 215 251 250 810
1717 4 2 4 1 424 209 299 889
1718 4 2 4 1 563 597 622 859
1719 4 2 4 1 244 263 821 885
1720 4 2 4 1 595 597 846 859
1721 4 2 4 1 830 865 235 886
1722 4 2 4 1 823 844 428 908
1723 4 2 4 1 250 810 251 885
1724 4 2 4 1 519 517 828 876
1725 4 2 4 1 686 700 643 833
1726 4 2 4 1 434 388 442 864
1727 4 2 4 1 512 530 711 820
1728 4 2 4 1 517 500 519 828
1729 4 2 4 1 249 841 242 858
1730 4 2 4 1 554 821 169 841
1731 4 2 4 1 700 655 792 849
1732 4 2 4 1 415 431 371 847
1733 4 2 4 1 699 881 202 897
1734 4 2 4 1 470 808 439 893
1735 4 2 4 1 244 243 250 885
1736 4 2 4 1 281 283 239 835
1737 4 2 4 1 341 710 359 817
1738 4 2 4 1 381 336 333 855
1739 4 2 4 1 785 836 795 864
1740 4 2 4 1 593 594 572 865
1741 4 2 4 1 311 343 360 815
1742 4 2 4 1 207 267 350 851
1743 4 2 4 1 744 728 738 820
1744 4 2 4 1 711 744 738 820
1745 4 2 4 1 285 544 302 815
1746 4 2 4 1 593 572 595 846
1747 4 2 4 1 792 799 786 849
1748 4 2 4 1 415 371 793 894
1749 4 2 4 1 585 828 586 905
1750 4 2 4 1 557 603 566 827
1751 4 2 4 1 805 854 808 893
1752 4 2 4 1 777 634 773 807
1753 4 2 4 1 513 387 820 904
1754 4 2 4 1 564 588 562 837
1755 4 2 4 1 633 778 771 806
1756 4 2 4 1 683 875 777 909
1757 4 2 4 1 411 469 435 874
1758 4 2 4 1 439 808 413 884
1759 4 2 4 1 736 636 732 850
1760 4 2 4 1 430 414 831 856
1761 4 2 4 1 486 827 496 867
1762 4 2 4 1 779 847 397 873
1763 4 2 4 1 199 880 432 909
1764 4 2 4 1 655 799 792 849
1765 4 2 4 1 307 853 298 882
1766 4 2 4 1 418 203 809 879
1767 4 2 4 1 215 250 252 810
1768 4 2 4 1 612 866 829 905
1769 4 2 4 1 520 645 487 832
1770 4 2 4 1 650 667 863 903
1771 4 2 4 1 376 795 791 836
1772 4 2 4 1 397 847 832 873
1773 4 2 4 1 381 410 336 855
1774 4 2 4 1 229 872 834 890
1775 4 2 4 1 230 822 872 890
1776 4 2 4 1 339 627 318 842
1777 4 2 4 1 737 461 743 817
1778 4 2 4 1 271 258 808 884
1779 4 2 4 1 334 335 395 844
1780 4 2 4 1 775 659 642 818
1781 4 2 4 1 729 740 735 817
1782 4 2 4 1 624 559 542 853
1783 4 2 4 1 291 237 834 843
1784 4 2 4 1 495 833 485 878
1785 4 2 4 1 668 713 878 894
1786 4 2 4 1 767 806 367 888
1787 4 2 4 1 452 840 423 889
1788 4 2 4 1 682 769 778 868
1789 4 2 4 1 450 862 806 901
1790 4 2 4 1 283 835 281 887
1791 4 2 4 1 595 619 597 859
1792 4 2 4 1 849 850 786 879
1793 4 2 4 1 631 684 658 847
1794 4 2 4 1 737 743 727 817
1795 4 2 4 1 257 241 256 854
1796 4 2 4 1 676 675 639 836
1797 4 2 4 1 613 172 560 812
1798 4 2 4 1 405 380 426 861
1799 4 2 4 1 513 527 387 904
1800 4 2 4 1 245 235 246 865
1801 4 2 4 1 755 746 868 901
1802 4 2 4 1 432 774 875 909
1803 4 2 4 1 688 715 503 838
1804 4 2 4 1 650 509 666 903
1805 4 2 4 1 714 687 332 844
1806 4 2 4 1 512 481 530 820
1807 4 2 4 1 393 505 405 838
1808 4 2 4 1 268 851 269 883
1809 4 2 4 1 341 359 310 817
1810 4 2 4 1 214 265 525 867
1811 4 2 4 1 749 819 368 877
1812 4 2 4 1 574 575 573 834
1813 4 2 4 1 370 414 791 831
1814 4 2 4 1 258 219 220 860
1815 4 2 4 1 269 851 207 871
1816 4 2 4 1 269 871 843 883
1817 4 2 4 1 486 827 205 898
1818 4 2 4 1 306 268 245 816
1819 4 2 4 1 366 453 391 875
1820 4 2 4 1 598 572 571 865
1821 4 2 4 1 614 583 579 839
1822 4 2 4 1 616 561 329 857
1823 4 2 4 1 777 807 781 875
1824 4 2 4 1 206 319 842 857
1825 4 2 4 1 799 204 786 879
1826 4 2 4 1 340 320 328 852
1827 4 2 4 1 667 807 726 891
1828 4 2 4 1 323 309 811 874
1829 4 2 4 1 403 415 394 833
1830 4 2 4 1 505 838 493 861
1831 4 2 4 1 499 826 516 903
1832 4 2 4 1 294 811 309 874
1833 4 2 4 1 338 330 321 862
1834 4 2 4 1 492 501 509 863
1835 4 2 4 1 650 863 509 903
1836 4 2 4 1 397 772 779 873
1837 4 2 4 1 768 807 366 875
1838 4 2 4 1 218 288 295 815
1839 4 2 4 1 276 211 508 869
1840 4 2 4 1 794 881 699 897
1841 4 2 4 1 454 826 443 895
1842 4 2 4 1 172 171 560 854
1843 4 2 4 1 371 847 793 894
1844 4 2 4 1 315 350 267 851
1845 4 2 4 1 676 671 644 856
1846 4 2 4 1 419 844 472 908
1847 4 2 4 1 339 842 319 857
1848 4 2 4 1 388 795 376 836
1849 4 2 4 1 257 271 808 893
1850 4 2 4 1 588 565 580 824
1851 4 2 4 1 726 667 634 807
1852 4 2 4 1 475 379 400 849
1853 4 2 4 1 408 446 383 832
1854 4 2 4 1 665 725 633 806
1855 4 2 4 1 426 380 413 861
1856 4 2 4 1 304 273 857 858
1857 4 2 4 1 292 269 291 883
1858 4 2 4 1 567 568 569 825
1859 4 2 4 1 617 561 584 857
1860 4 2 4 1 630 607 554 821
1861 4 2 4 1 520 832 497 878
1862 4 2 4 1 486 523 496 827
1863 4 2 4 1 578 574 608 822
1864 4 2 4 1 200 682 868 909
1865 4 2 4 1 215 299 251 889
1866 4 2 4 1 843 883 602 900
1867 4 2 4 1 402 430 382 870
1868 4 2 4 1 502 508 860 902
1869 4 2 4 1 169 810 168 841
1870 4 2 4 1 761 753 749 819
1871 4 2 4 1 802 787 881 897
1872 4 2 4 1 231 834 229 872
1873 4 2 4 1 244 256 263 885
1874 4 2 4 1 599 553 619 816
1875 4 2 4 1 652 490 516 903
1876 4 2 4 1 218 302 343 815
1877 4 2 4 1 323 309 358 811
1878 4 2 4 1 507 504 494 861
1879 4 2 4 1 580 594 591 830
1880 4 2 4 1 690 849 709 904
1881 4 2 4 1 233 235 245 865
1882 4 2 4 1 269 851 871 883
1883 4 2 4 1 242 243 236 899
1884 4 2 4 1 407 440 852 888
1885 4 2 4 1 397 832 446 873
1886 4 2 4 1 847 878 832 894
1887 4 2 4 1 436 416 372 850
1888 4 2 4 1 772 873 374 895
1889 4 2 4 1 234 235 865 886
1890 4 2 4 1 759 745 875 891
1891 4 2 4 1 375 455 818 888
1892 4 2 4 1 515 482 514 837
1893 4 2 4 1 315 851 267 910
1894 4 2 4 1 468 390 367 880
1895 4 2 4 1 216 541 848 906
1896 4 2 4 1 604 828 585 876
1897 4 2 4 1 242 249 243 841
1898 4 2 4 1 404 334 395 844
1899 4 2 4 1 348 329 346 857
1900 4 2 4 1 632 670 712 831
1901 4 2 4 1 365 452 466 840
1902 4 2 4 1 638 756 814 891
1903 4 2 4 1 169 758 661 823
1904 4 2 4 1 716 655 690 850
1905 4 2 4 1 749 819 753 907
1906 4 2 4 1 257 271 258 808
1907 4 2 4 1 781 773 768 807
1908 4 2 4 1 747 169 758 724
1909 4 2 4 1 390 367 880 901
1910 4 2 4 1 724 747 171 757
1911 4 2 4 1 721 817 675 864
1912 4 2 4 1 447 455 406 818
1913 4 2 4 1 271 217 258 884
1914 4 2 4 1 624 853 538 882
1915 4 2 4 1 768 781 807 875
1916 4 2 4 1 702 645 662 832
1917 4 2 4 1 450 806 367 901
1918 4 2 4 1 433 476 201 897
1919 4 2 4 1 47 219 502 211
1920 4 2 4 1 675 836 697 864
1921 4 2 4 1 755 813 746 901
1922 4 2 4 1 289 843 269 871
1923 4 2 4 1 241 222 263 854
1924 4 2 4 1 368 426 819 907
1925 4 2 4 1 622 553 355 859
1926 4 2 4 1 473 393 420 838
1927 4 2 4 1 355 312 344 859
1928 4 2 4 1 407 852 455 888
1929 4 2 4 1 446 454 374 873
1930 4 2 4 1 767 771 782 806
1931 4 2 4 1 664 651 320 852
1932 4 2 4 1 634 667 681 807
1933 4 2 4 1 680 665 633 806
1934 4 2 4 1 292 268 269 883
1935 4 2 4 1 751 762 748 823
1936 4 2 4 1 772 765 779 873
1937 4 2 4 1 571 577 598 845
1938 4 2 4 1 630 614 601 839
1939 4 2 4 1 452 365 451 840
1940 4 2 4 1 569 572 594 865
1941 4 2 4 1 458 401 474 836
1942 4 2 4 1 660 757 171 819
1943 4 2 4 1 667 681 807 903
1944 4 2 4 1 834 602 883 900
1945 4 2 4 1 444 787 797 897
1946 4 2 4 1 283 266 239 835
1947 4 2 4 1 172 648 660 819
1948 4 2 4 1 767 468 367 880
1949 4 2 4 1 837 896 848 906
1950 4 2 4 1 502 860 489 902
1951 4 2 4 1 571 572 569 865
1952 4 2 4 1 274 876 488 898
1953 4 2 4 1 430 396 447 831
1954 4 2 4 1 368 819 749 907
1955 4 2 4 1 375 818 770 888
1956 4 2 4 1 486 523 827 898
1957 4 2 4 1 499 516 490 903
1958 4 2 4 1 868 880 200 909
1959 4 2 4 1 774 471 432 875
1960 4 2 4 1 522 520 497 878
1961 4 2 4 1 491 276 508 869
1962 4 2 4 1 768 366 807 895
1963 4 2 4 1 433 787 444 897
1964 4 2 4 1 800 708 697 864
1965 4 2 4 1 545 589 539 906
1966 4 2 4 1 674 710 341 817
1967 4 2 4 1 625 344 361 815
1968 4 2 4 1 666 509 490 903
1969 4 2 4 1 467 754 119 749
1970 4 2 4 1 739 732 820 850
1971 4 2 4 1 779 201 476 897
1972 4 2 4 1 777 875 781 909
1973 4 2 4 1 212 290 859 910
1974 4 2 4 1 333 58 336 381
1975 4 2 4 1 440 367 806 888
1976 4 2 4 1 407 455 440 888
1977 4 2 4 1 757 753 761 819
1978 4 2 4 1 490 652 666 903
1979 4 2 4 1 170 724 169 840
1980 4 2 4 1 231 233 845 872
1981 4 2 4 1 380 504 97 507
1982 4 2 4 1 638 814 695 891
1983 4 2 4 1 351 324 402 856
1984 4 2 4 1 615 543 539 848
1985 4 2 4 1 287 243 249 841
1986 4 2 4 1 604 558 585 828
1987 4 2 4 1 170 169 554 821
1988 4 2 4 1 211 508 46 276
1989 4 2 4 1 839 858 286 899
1990 4 2 4 1 792 833 793 894
1991 4 2 4 1 120 466 748 754
1992 4 2 4 1 625 551 547 815
1993 4 2 4 1 705 686 669 833
1994 4 2 4 1 650 509 672 148
1995 4 2 4 1 365 840 754 877
1996 4 2 4 1 774 768 471 875
1997 4 2 4 1 447 382 430 870
1998 4 2 4 1 768 807 773 895
1999 4 2 4 1 445 780 477 396
2000 4 2 4 1 426 420 838 907
2001 4 2 4 1 503 493 505 838
2002 4 2 4 1 711 738 689 820
2003 4 2 4 1 602 582 843 900
2004 4 2 4 1 721 691 675 817
2005 4 2 4 1 573 834 602 883
2006 4 2 4 1 560 629 812 905
2007 4 2 4 1 379 389 400 849
2008 4 2 4 1 730 734 416 850
2009 4 2 4 1 260 248 298 830
2010 4 2 4 1 84 649 338 673
2011 4 2 4 1 419 428 844 908
2012 4 2 4 1 226 839 286 899
2013 4 2 4 1 355 553 325 859
2014 4 2 4 1 432 880 774 909
2015 4 2 4 1 295 288 262 859
2016 4 2 4 1 502 489 508 902
2017 4 2 4 1 371 797 793 847
2018 4 2 4 1 227 839 225 890
2019 4 2 4 1 410 336 58 381
2020 4 2 4 1 659 663 642 818
2021 4 2 4 1 716 636 678 850
2022 4 2 4 1 761 819 749 877
2023 4 2 4 1 647 687 714 844
2024 4 2 4 1 789 831 632 881
2025 4 2 4 1 498 876 552 898
2026 4 2 4 1 581 612 601 829
2027 4 2 4 1 352 620 327 851
2028 4 2 4 1 240 824 247 886
2029 4 2 4 1 278 248 848 882
2030 4 2 4 1 750 813 377 901
2031 4 2 4 1 449 432 471 875
2032 4 2 4 1 97 380 507 412
2033 4 2 4 1 777 773 781 807
2034 4 2 4 1 754 761 749 877
2035 4 2 4 1 334 59 333 404
2036 4 2 4 1 485 495 524 833
2037 4 2 4 1 98 405 505 504
2038 4 2 4 1 526 515 483 837
2039 4 2 4 1 274 488 282 898
2040 4 2 4 1 573 577 571 845
2041 4 2 4 1 392 402 324 856
2042 4 2 4 1 322 332 334 844
2043 4 2 4 1 344 312 343 815
2044 4 2 4 1 404 59 333 381
2045 4 2 4 1 508 47 502 211
2046 4 2 4 1 377 760 750 901
2047 4 2 4 1 576 574 578 822
2048 4 2 4 1 316 701 646 870
2049 4 2 4 1 730 731 736 809
2050 4 2 4 1 735 731 729 809
2051 4 2 4 1 285 302 218 815
2052 4 2 4 1 98 405 504 380
2053 4 2 4 1 650 149 666 509
2054 4 2 4 1 85 649 664 338
2055 4 2 4 1 297 848 248 896
2056 4 2 4 1 437 461 737 817
2057 4 2 4 1 270 269 207 871
2058 4 2 4 1 782 771 778 806
2059 4 2 4 1 266 835 283 898
2060 4 2 4 1 648 172 173 861
2061 4 2 4 1 514 483 515 837
2062 4 2 4 1 501 456 101 863
2063 4 2 4 1 629 902 812 905
2064 4 2 4 1 492 672 147 688
2065 4 2 4 1 408 409 454 826
2066 4 2 4 1 327 851 620 871
2067 4 2 4 1 673 321 83 687
2068 4 2 4 1 365 451 840 877
2069 4 2 4 1 251 299 209 889
2070 4 2 4 1 632 831 659 881
2071 4 2 4 1 415 379 475 833
2072 4 2 4 1 416 850 436 879
2073 4 2 4 1 341 342 313 817
2074 4 2 4 1 330 62 457 862
2075 4 2 4 1 540 536 210 853
2076 4 2 4 1 589 623 562 837
2077 4 2 4 1 758 762 751 823
2078 4 2 4 1 777 683 634 726
2079 4 2 4 1 596 595 597 846
2080 4 2 4 1 509 492 672 148
2081 4 2 4 1 536 547 815 853
2082 4 2 4 1 713 832 645 878
2083 4 2 4 1 375 455 447 818
2084 4 2 4 1 419 395 472 844
2085 4 2 4 1 369 823 428 908
2086 4 2 4 1 700 686 655 849
2087 4 2 4 1 345 320 651 852
2088 4 2 4 1 321 332 83 687
2089 4 2 4 1 228 822 230 890
2090 4 2 4 1 443 454 409 826
2091 4 2 4 1 397 374 772 873
2092 4 2 4 1 688 147 492 503
2093 4 2 4 1 588 590 589 837
2094 4 2 4 1 321 84 338 673
2095 4 2 4 1 629 587 902 905
2096 4 2 4 1 801 793 847 894
2097 4 2 4 1 325 354 859 910
2098 4 2 4 1 801 793 797 847
2099 4 2 4 1 750 746 813 901
2100 4 2 4 1 573 602 577 883
2101 4 2 4 1 654 679 692 809
2102 4 2 4 1 172 613 173 860
2103 4 2 4 1 693 687 647 844
2104 4 2 4 1 365 754 467 877
2105 4 2 4 1 767 367 479 888
2106 4 2 4 1 221 222 220 812
2107 4 2 4 1 688 648 715 838
2108 4 2 4 1 216 541 537 848
2109 4 2 4 1 508 491 46 276
2110 4 2 4 1 433 444 476 897
2111 4 2 4 1 659 632 712 831
2112 4 2 4 1 751 823 748 908
2113 4 2 4 1 272 346 319 857
2114 4 2 4 1 600 851 577 883
2115 4 2 4 1 801 788 793 894
2116 4 2 4 1 529 173 489 860
2117 4 2 4 1 748 823 369 908
2118 4 2 4 1 557 566 565 867
2119 4 2 4 1 532 513 460 820
2120 4 2 4 1 389 441 400 849
2121 4 2 4 1 545 546 534 906
2122 4 2 4 1 686 709 849 904
2123 4 2 4 1 518 409 499 103
2124 4 2 4 1 461 342 362 817
2125 4 2 4 1 347 328 345 852
2126 4 2 4 1 395 334 60 335
2127 4 2 4 1 393 506 99 505
2128 4 2 4 1 566 603 605 827
2129 4 2 4 1 704 697 676 836
2130 4 2 4 1 637 696 717 813
2131 4 2 4 1 834 883 843 900
2132 4 2 4 1 638 718 695 814
2133 4 2 4 1 554 607 170 821
2134 4 2 4 1 645 832 520 878
2135 4 2 4 1 747 761 762 840
2136 4 2 4 1 330 340 62 862
2137 4 2 4 1 407 328 64 347
2138 4 2 4 1 587 138 510 500
2139 4 2 4 1 501 101 511 863
2140 4 2 4 1 538 624 542 853
2141 4 2 4 1 460 739 741 820
2142 4 2 4 1 196 789 632 881
2143 4 2 4 1 742 710 740 817
2144 4 2 4 1 489 860 173 902
2145 4 2 4 1 551 535 547 815
2146 4 2 4 1 750 377 813 908
2147 4 2 4 1 518 516 499 826
2148 4 2 4 1 486 205 521 898
2149 4 2 4 1 627 339 561 842
2150 4 2 4 1 410 336 855 874
2151 4 2 4 1 337 331 21 284
2152 4 2 4 1 418 434 417 809
2153 4 2 4 1 377 750 760 122
2154 4 2 4 1 524 527 484 904
2155 4 2 4 1 752 814 378 907
2156 4 2 4 1 177 678 736 679
2157 4 2 4 1 206 272 319 857
2158 4 2 4 1 244 263 236 821
2159 4 2 4 1 794 789 196 881
2160 4 2 4 1 205 827 266 898
2161 4 2 4 1 618 602 582 843
2162 4 2 4 1 276 491 45 208
2163 4 2 4 1 767 774 468 880
2164 4 2 4 1 417 112 733 373
2165 4 2 4 1 350 851 327 871
2166 4 2 4 1 368 427 467 877
2167 4 2 4 1 406 407 64 347
2168 4 2 4 1 231 291 229 834
2169 4 2 4 1 103 518 409 408
2170 4 2 4 1 202 684 699 897
2171 4 2 4 1 263 256 241 854
2172 4 2 4 1 771 806 767 888
2173 4 2 4 1 729 731 733 809
2174 4 2 4 1 694 648 688 838
2175 4 2 4 1 869 902 587 905
2176 4 2 4 1 624 592 559 853
2177 4 2 4 1 646 670 719 870
2178 4 2 4 1 230 231 229 872
2179 4 2 4 1 281 230 228 822
2180 4 2 4 1 440 479 367 888
2181 4 2 4 1 736 678 178 636
2182 4 2 4 1 500 587 138 558
2183 4 2 4 1 274 208 44 517
2184 4 2 4 1 707 662 641 873
2185 4 2 4 1 602 843 618 883
2186 4 2 4 1 450 440 367 806
2187 4 2 4 1 470 439 363 893
2188 4 2 4 1 697 675 676 836
2189 4 2 4 1 375 447 396 818
2190 4 2 4 1 338 664 85 320
2191 4 2 4 1 490 666 149 509
2192 4 2 4 1 417 113 416 733
2193 4 2 4 1 280 234 825 892
2194 4 2 4 1 752 759 117 378
2195 4 2 4 1 739 734 732 850
2196 4 2 4 1 521 205 282 898
2197 4 2 4 1 613 560 629 812
2198 4 2 4 1 361 344 311 815
2199 4 2 4 1 366 443 453 807
2200 4 2 4 1 683 200 764 909
2201 4 2 4 1 352 851 315 910
2202 4 2 4 1 501 506 100 456
2203 4 2 4 1 677 512 711 820
2204 4 2 4 1 733 731 730 809
2205 4 2 4 1 742 740 727 817
2206 4 2 4 1 669 833 643 894
2207 4 2 4 1 272 24 346 270
2208 4 2 4 1 266 827 259 892
2209 4 2 4 1 629 613 812 902
2210 4 2 4 1 431 832 397 847
2211 4 2 4 1 499 490 511 903
2212 4 2 4 1 662 658 641 873
2213 4 2 4 1 278 216 537 848
2214 4 2 4 1 525 483 214 867
2215 4 2 4 1 232 280 234 825
2216 4 2 4 1 61 330 457 335
2217 4 2 4 1 496 557 143 867
2218 4 2 4 1 708 692 697 864
2219 4 2 4 1 249 304 842 858
2220 4 2 4 1 319 337 22 284
2221 4 2 4 1 698 682 200 909
2222 4 2 4 1 813 862 398 901
2223 4 2 4 1 684 794 699 897
2224 4 2 4 1 253 247 240 824
2225 4 2 4 1 523 552 141 603
2226 4 2 4 1 294 20 309 331
2227 4 2 4 1 544 536 547 815
2228 4 2 4 1 253 824 240 892
2229 4 2 4 1 604 585 609 876
2230 4 2 4 1 519 139 604 558
2231 4 2 4 1 547 610 625 815
2232 4 2 4 1 210 536 277 853
2233 4 2 4 1 339 319 329 857
2234 4 2 4 1 802 791 789 831
2235 4 2 4 1 139 519 500 558
2236 4 2 4 1 728 741 739 820
2237 4 2 4 1 206 842 304 857
2238 4 2 4 1 584 561 616 857
2239 4 2 4 1 628 489 173 902
2240 4 2 4 1 834 872 822 890
2241 4 2 4 1 669 878 833 894
2242 4 2 4 1 208 491 45 517
2243 4 2 4 1 63 328 407 340
2244 4 2 4 1 568 570 569 825
2245 4 2 4 1 247 824 253 896
2246 4 2 4 1 206 319 22 284
2247 4 2 4 1 319 23 346 272
2248 4 2 4 1 621 620 352 851
2249 4 2 4 1 259 266 205 827
2250 4 2 4 1 384 101 456 863
2251 4 2 4 1 385 457 62 862
2252 4 2 4 1 346 317 348 871
2253 4 2 4 1 229 834 237 890
2254 4 2 4 1 234 886 825 892
2255 4 2 4 1 444 797 847 897
2256 4 2 4 1 291 269 237 843
2257 4 2 4 1 585 558 586 828
2258 4 2 4 1 264 208 275 828
2259 4 2 4 1 668 713 645 878
2260 4 2 4 1 210 277 307 853
2261 4 2 4 1 739 732 738 820
2262 4 2 4 1 273 843 289 857
2263 4 2 4 1 843 871 618 883
2264 4 2 4 1 173 860 613 902
2265 4 2 4 1 503 505 506 838
2266 4 2 4 1 349 316 646 870
2267 4 2 4 1 494 493 173 861
2268 4 2 4 1 252 811 294 874
2269 4 2 4 1 449 759 199 875
2270 4 2 4 1 737 740 729 817
2271 4 2 4 1 405 393 99 505
2272 4 2 4 1 404 334 60 395
2273 4 2 4 1 323 855 336 874
2274 4 2 4 1 388 376 401 836
2275 4 2 4 1 430 402 414 856
2276 4 2 4 1 497 518 104 408
2277 4 2 4 1 681 652 826 903
2278 4 2 4 1 725 682 633 868
2279 4 2 4 1 481 513 532 820
2280 4 2 4 1 567 580 565 824
2281 4 2 4 1 270 289 269 871
2282 4 2 4 1 646 701 663 870
2283 4 2 4 1 195 684 631 788
2284 4 2 4 1 226 225 227 839
2285 4 2 4 1 297 216 848 906
2286 4 2 4 1 406 65 326 347
2287 4 2 4 1 310 362 342 817
2288 4 2 4 1 626 559 596 853
2289 4 2 4 1 472 813 377 908
2290 4 2 4 1 299 421 34 424
2291 4 2 4 1 647 168 661 823
2292 4 2 4 1 102 511 409 499
2293 4 2 4 1 308 254 255 837
2294 4 2 4 1 432 199 448 880
2295 4 2 4 1 378 814 473 907
2296 4 2 4 1 614 606 583 858
2297 4 2 4 1 326 382 65 406
2298 4 2 4 1 612 829 581 905
2299 4 2 4 1 698 769 682 909
2300 4 2 4 1 389 804 463 879
2301 4 2 4 1 104 383 497 408
2302 4 2 4 1 23 319 206 272
2303 4 2 4 1 394 495 459 107
2304 4 2 4 1 68 458 392 324
2305 4 2 4 1 522 495 485 878
2306 4 2 4 1 337 319 339 842
2307 4 2 4 1 658 776 641 873
2308 4 2 4 1 798 831 802 881
2309 4 2 4 1 436 372 441 850
2310 4 2 4 1 262 212 290 859
2311 4 2 4 1 261 307 295 853
2312 4 2 4 1 520 487 497 832
2313 4 2 4 1 279 225 223 829
2314 4 2 4 1 267 851 268 910
2315 4 2 4 1 393 100 506 456
2316 4 2 4 1 368 819 427 877
2317 4 2 4 1 798 370 791 831
2318 4 2 4 1 231 232 233 872
2319 4 2 4 1 207 268 267 851
2320 4 2 4 1 340 385 62 862
2321 4 2 4 1 498 552 141 523
2322 4 2 4 1 366 443 807 895
2323 4 2 4 1 768 366 471 875
2324 4 2 4 1 682 200 763 698
2325 4 2 4 1 646 719 349 870
2326 4 2 4 1 579 601 614 839
2327 4 2 4 1 602 834 575 900
2328 4 2 4 1 395 61 457 335
2329 4 2 4 1 229 291 237 834
2330 4 2 4 1 410 855 411 874
2331 4 2 4 1 690 655 709 849
2332 4 2 4 1 384 511 101 863
2333 4 2 4 1 431 446 397 832
2334 4 2 4 1 309 331 358 811
2335 4 2 4 1 248 260 238 830
2336 4 2 4 1 16 763 200 698
2337 4 2 4 1 274 282 283 898
2338 4 2 4 1 521 282 488 898
2339 4 2 4 1 684 202 784 897
2340 4 2 4 1 318 337 339 842
2341 4 2 4 1 215 296 32 364
2342 4 2 4 1 385 63 407 340
2343 4 2 4 1 760 390 377 122
2344 4 2 4 1 450 367 390 901
2345 4 2 4 1 609 608 605 835
2346 4 2 4 1 239 232 230 872
2347 4 2 4 1 33 364 421 299
2348 4 2 4 1 587 869 510 902
2349 4 2 4 1 697 790 704 800
2350 4 2 4 1 377 390 760 901
2351 4 2 4 1 560 612 629 905
2352 4 2 4 1 735 635 176 679
2353 4 2 4 1 519 488 517 876
2354 4 2 4 1 739 460 438 820
2355 4 2 4 1 426 420 405 838
2356 4 2 4 1 652 707 681 826
2357 4 2 4 1 517 44 274 488
2358 4 2 4 1 754 840 761 877
2359 4 2 4 1 173 715 648 861
2360 4 2 4 1 762 761 754 840
2361 4 2 4 1 296 435 32 364
2362 4 2 4 1 509 863 490 903
2363 4 2 4 1 606 168 611 841
2364 4 2 4 1 689 690 677 820
2365 4 2 4 1 767 126 468 774
2366 4 2 4 1 404 419 428 844
2367 4 2 4 1 391 117 759 378
2368 4 2 4 1 286 226 227 839
2369 4 2 4 1 20 294 213 331
2370 4 2 4 1 260 261 246 846
2371 4 2 4 1 382 66 351 326
2372 4 2 4 1 140 604 552 876
2373 4 2 4 1 599 577 600 851
2374 4 2 4 1 150 666 490 652
2375 4 2 4 1 320 664 86 651
2376 4 2 4 1 308 254 837 896
2377 4 2 4 1 798 791 802 831
2378 4 2 4 1 282 521 42 205
2379 4 2 4 1 671 314 719 856
2380 4 2 4 1 322 333 323 855
2381 4 2 4 1 753 814 752 907
2382 4 2 4 1 270 24 346 317
2383 4 2 4 1 637 751 693 185
2384 4 2 4 1 297 848 896 906
2385 4 2 4 1 753 182 638 694
2386 4 2 4 1 505 493 504 861
2387 4 2 4 1 383 105 497 522
2388 4 2 4 1 750 813 751 908
2389 4 2 4 1 662 645 713 832
2390 4 2 4 1 409 384 511 102
2391 4 2 4 1 450 398 862 901
2392 4 2 4 1 297 278 248 848
2393 4 2 4 1 471 774 125 768
2394 4 2 4 1 670 671 719 856
2395 4 2 4 1 270 207 25 317
2396 4 2 4 1 276 221 211 869
2397 4 2 4 1 540 538 853 882
2398 4 2 4 1 372 115 438 734
2399 4 2 4 1 710 674 691 817
2400 4 2 4 1 344 625 563 815
2401 4 2 4 1 606 554 169 841
2402 4 2 4 1 769 683 777 909
2403 4 2 4 1 490 863 511 903
2404 4 2 4 1 334 332 335 844
2405 4 2 4 1 670 644 671 856
2406 4 2 4 1 414 392 474 856
2407 4 2 4 1 210 853 307 882
2408 4 2 4 1 278 297 216 848
2409 4 2 4 1 66 351 402 382
2410 4 2 4 1 354 212 288 859
2411 4 2 4 1 114 734 372 416
2412 4 2 4 1 140 552 498 876
2413 4 2 4 1 238 240 247 886
2414 4 2 4 1 800 790 704 198
2415 4 2 4 1 249 242 304 858
2416 4 2 4 1 536 542 547 853
2417 4 2 4 1 496 557 603 142
2418 4 2 4 1 354 212 859 910
2419 4 2 4 1 290 306 816 910
2420 4 2 4 1 677 820 690 904
2421 4 2 4 1 43 274 488 282
2422 4 2 4 1 352 350 315 851
2423 4 2 4 1 620 851 600 871
2424 4 2 4 1 422 421 364 889
2425 4 2 4 1 105 383 403 522
2426 4 2 4 1 573 575 602 834
2427 4 2 4 1 276 264 221 869
2428 4 2 4 1 539 848 541 906
2429 4 2 4 1 428 411 381 855
2430 4 2 4 1 674 675 691 817
2431 4 2 4 1 553 597 619 859
2432 4 2 4 1 493 715 173 861
2433 4 2 4 1 502 480 529 860
2434 4 2 4 1 261 262 246 846
2435 4 2 4 1 610 563 625 815
2436 4 2 4 1 430 414 370 831
2437 4 2 4 1 594 593 591 830
2438 4 2 4 1 670 646 712 870
2439 4 2 4 1 677 711 689 820
2440 4 2 4 1 200 683 698 909
2441 4 2 4 1 632 659 685 881
2442 4 2 4 1 706 642 663 818
2443 4 2 4 1 789 802 831 881
2444 4 2 4 1 308 837 255 906
2445 4 2 4 1 196 632 685 881
2446 4 2 4 1 555 615 590 848
2447 4 2 4 1 638 695 657 891
2448 4 2 4 1 669 686 643 833
2449 4 2 4 1 486 521 523 898
2450 4 2 4 1 355 325 354 859
2451 4 2 4 1 313 92 674 639
2452 4 2 4 1 363 35 424 893
2453 4 2 4 1 185 751 693 661
2454 4 2 4 1 424 34 299 209
2455 4 2 4 1 746 200 868 880
2456 4 2 4 1 523 496 603 142
2457 4 2 4 1 377 813 398 901
2458 4 2 4 1 794 685 699 881
2459 4 2 4 1 387 441 438 820
2460 4 2 4 1 660 182 753 694
2461 4 2 4 1 669 668 878 894
2462 4 2 4 1 656 755 763 868
2463 4 2 4 1 437 442 386 817
2464 4 2 4 1 868 880 806 901
2465 4 2 4 1 331 213 21 284
2466 4 2 4 1 490 509 511 863
2467 4 2 4 1 669 643 668 894
2468 4 2 4 1 394 415 475 833
2469 4 2 4 1 320 340 338 862
2470 4 2 4 1 519 604 140 876
2471 4 2 4 1 245 290 306 816
2472 4 2 4 1 397 779 476 847
2473 4 2 4 1 745 875 764 909
2474 4 2 4 1 583 606 617 858
2475 4 2 4 1 300 363 36 439
2476 4 2 4 1 207 350 25 317
2477 4 2 4 1 345 320 86 651
2478 4 2 4 1 278 298 248 882
2479 4 2 4 1 652 490 150 516
2480 4 2 4 1 207 269 268 851
2481 4 2 4 1 314 671 90 703
2482 4 2 4 1 798 445 370 831
2483 4 2 4 1 353 324 314 856
2484 4 2 4 1 14 173 494 493
2485 4 2 4 1 7 167 322 323
2486 4 2 4 1 242 286 858 899
2487 4 2 4 1 496 143 526 867
2488 4 2 4 1 710 691 740 817
2489 4 2 4 1 657 683 764 891
2490 4 2 4 1 229 228 230 890
2491 4 2 4 1 460 513 387 820
2492 4 2 4 1 651 87 345 701
2493 4 2 4 1 652 151 702 516
2494 4 2 4 1 564 562 144 526
2495 4 2 4 1 764 875 745 891
2496 4 2 4 1 486 496 525 867
2497 4 2 4 1 342 461 386 817
2498 4 2 4 1 699 685 202 881
2499 4 2 4 1 202 685 783 881
2500 4 2 4 1 770 818 771 888
2501 4 2 4 1 495 527 459 107
2502 4 2 4 1 68 458 324 356
2503 4 2 4 1 667 726 657 891
2504 4 2 4 1 802 881 794 897
2505 4 2 4 1 325 621 78 352
2506 4 2 4 1 304 286 273 858
2507 4 2 4 1 175 635 735 691
2508 4 2 4 1 374 454 478 895
2509 4 2 4 1 420 393 405 838
2510 4 2 4 1 398 377 472 813
2511 4 2 4 1 316 88 646 701
2512 4 2 4 1 645 487 702 152
2513 4 2 4 1 537 848 543 882
2514 4 2 4 1 488 521 43 282
2515 4 2 4 1 399 473 378 814
2516 4 2 4 1 369 429 428 823
2517 4 2 4 1 368 426 427 819
2518 4 2 4 1 519 140 498 876
2519 4 2 4 1 10 448 432 199
2520 4 2 4 1 214 483 39 255
2521 4 2 4 1 277 295 307 853
2522 4 2 4 1 794 196 685 881
2523 4 2 4 1 460 387 438 820
2524 4 2 4 1 314 324 351 856
2525 4 2 4 1 781 768 774 875
2526 4 2 4 1 364 33 215 299
2527 4 2 4 1 386 461 437 817
2528 4 2 4 1 788 194 792 894
2529 4 2 4 1 242 226 286 899
2530 4 2 4 1 709 655 686 849
2531 4 2 4 1 432 10 199 449
2532 4 2 4 1 265 205 41 486
2533 4 2 4 1 657 726 683 891
2534 4 2 4 1 224 263 222 866
2535 4 2 4 1 706 651 680 852
2536 4 2 4 1 746 200 763 868
2537 4 2 4 1 597 553 622 859
2538 4 2 4 1 397 446 374 873
2539 4 2 4 1 736 732 730 850
2540 4 2 4 1 627 561 611 842
2541 4 2 4 1 596 559 592 853
2542 4 2 4 1 218 295 285 815
2543 4 2 4 1 783 685 659 881
2544 4 2 4 1 228 227 225 890
2545 4 2 4 1 636 716 690 850
2546 4 2 4 1 197 789 790 644
2547 4 2 4 1 508 510 869 902
2548 4 2 4 1 770 767 479 888
2549 4 2 4 1 674 341 92 313
2550 4 2 4 1 325 352 315 910
2551 4 2 4 1 555 590 591 848
2552 4 2 4 1 240 886 234 892
2553 4 2 4 1 237 273 286 843
2554 4 2 4 1 390 448 760 880
2555 4 2 4 1 368 420 426 907
2556 4 2 4 1 205 521 42 486
2557 4 2 4 1 618 582 584 843
2558 4 2 4 1 353 314 90 703
2559 4 2 4 1 677 512 820 904
2560 4 2 4 1 695 667 657 891
2561 4 2 4 1 255 483 39 514
2562 4 2 4 1 390 880 760 901
2563 4 2 4 1 327 350 352 851
2564 4 2 4 1 638 657 756 891
2565 4 2 4 1 252 213 294 811
2566 4 2 4 1 306 267 268 910
2567 4 2 4 1 664 680 651 852
2568 4 2 4 1 419 369 428 908
2569 4 2 4 1 524 484 640 904
2570 4 2 4 1 363 300 35 893
2571 4 2 4 1 729 373 111 437
2572 4 2 4 1 293 308 255 906
2573 4 2 4 1 209 424 35 893
2574 4 2 4 1 645 520 487 152
2575 4 2 4 1 349 88 646 316
2576 4 2 4 1 351 326 349 870
2577 4 2 4 1 179 636 689 732
2578 4 2 4 1 289 237 269 843
2579 4 2 4 1 201 202 881 897
2580 4 2 4 1 376 791 133 414
2581 4 2 4 1 595 596 593 846
2582 4 2 4 1 793 130 415 379
2583 4 2 4 1 543 555 163 624
2584 4 2 4 1 303 528 217 884
2585 4 2 4 1 751 185 758 661
2586 4 2 4 1 200 745 764 909
2587 4 2 4 1 757 660 182 753
2588 4 2 4 1 802 789 794 881
2589 4 2 4 1 26 267 350 207
2590 4 2 4 1 282 205 266 898
2591 4 2 4 1 317 350 327 871
2592 4 2 4 1 308 896 837 906
2593 4 2 4 1 305 294 357 874
2594 4 2 4 1 525 40 265 214
2595 4 2 4 1 395 419 404 844
2596 4 2 4 1 660 171 172 819
2597 4 2 4 1 633 682 778 868
2598 4 2 4 1 510 500 491 869
2599 4 2 4 1 284 304 206 842
2600 4 2 4 1 209 257 256 893
2601 4 2 4 1 280 240 234 892
2602 4 2 4 1 403 495 106 522
2603 4 2 4 1 402 351 67 324
2604 4 2 4 1 247 297 248 896
2605 4 2 4 1 266 259 280 892
2606 4 2 4 1 329 74 339 561
2607 4 2 4 1 323 336 309 874
2608 4 2 4 1 765 779 847 897
2609 4 2 4 1 446 431 383 832
2610 4 2 4 1 51 277 536 285
2611 4 2 4 1 643 792 194 894
2612 4 2 4 1 397 476 444 847
2613 4 2 4 1 287 213 252 811
2614 4 2 4 1 348 327 556 871
2615 4 2 4 1 544 51 536 285
2616 4 2 4 1 312 354 288 859
2617 4 2 4 1 452 423 422 889
2618 4 2 4 1 498 488 876 898
2619 4 2 4 1 557 565 564 867
2620 4 2 4 1 381 411 410 855
2621 4 2 4 1 468 774 432 880
2622 4 2 4 1 459 387 108 527
2623 4 2 4 1 69 458 356 386
2624 4 2 4 1 410 411 435 874
2625 4 2 4 1 336 323 333 855
2626 4 2 4 1 800 704 697 198
2627 4 2 4 1 663 712 646 870
2628 4 2 4 1 622 79 355 553
2629 4 2 4 1 686 640 709 904
2630 4 2 4 1 106 394 495 403
2631 4 2 4 1 392 402 67 324
2632 4 2 4 1 529 173 14 489
2633 4 2 4 1 167 7 318 358
2634 4 2 4 1 273 289 272 857
2635 4 2 4 1 78 553 621 325
2636 4 2 4 1 392 414 402 856
2637 4 2 4 1 750 760 746 901
2638 4 2 4 1 195 699 684 794
2639 4 2 4 1 556 327 620 871
2640 4 2 4 1 699 794 196 685
2641 4 2 4 1 556 348 76 327
2642 4 2 4 1 223 224 222 866
2643 4 2 4 1 374 478 772 895
2644 4 2 4 1 450 398 385 862
2645 4 2 4 1 589 562 588 837
2646 4 2 4 1 439 462 303 884
2647 4 2 4 1 74 329 616 561
2648 4 2 4 1 650 666 667 903
2649 4 2 4 1 600 871 851 883
2650 4 2 4 1 399 453 384 863
2651 4 2 4 1 240 824 886 892
2652 4 2 4 1 209 35 300 893
2653 4 2 4 1 271 300 36 439
2654 4 2 4 1 427 425 451 877
2655 4 2 4 1 575 576 579 900
2656 4 2 4 1 7 167 323 358
2657 4 2 4 1 14 173 529 494
2658 4 2 4 1 802 801 787 897
2659 4 2 4 1 542 559 161 610
2660 4 2 4 1 253 240 259 892
2661 4 2 4 1 254 247 253 896
2662 4 2 4 1 563 610 626 815
2663 4 2 4 1 600 618 871 883
2664 4 2 4 1 112 733 373 729
2665 4 2 4 1 480 507 494 884
2666 4 2 4 1 720 645 520 878
2667 4 2 4 1 683 769 698 909
2668 4 2 4 1 327 76 556 620
2669 4 2 4 1 737 729 111 437
2670 4 2 4 1 53 540 210 882
2671 4 2 4 1 528 480 217 884
2672 4 2 4 1 736 731 177 679
2673 4 2 4 1 185 637 751 755
2674 4 2 4 1 179 689 738 732
2675 4 2 4 1 316 345 87 701
2676 4 2 4 1 487 702 151 516
2677 4 2 4 1 421 423 424 889
2678 4 2 4 1 412 439 413 884
2679 4 2 4 1 199 200 880 909
2680 4 2 4 1 583 582 579 900
2681 4 2 4 1 730 416 113 733
2682 4 2 4 1 449 391 759 875
2683 4 2 4 1 391 471 366 875
2684 4 2 4 1 636 178 736 732
2685 4 2 4 1 812 902 869 905
2686 4 2 4 1 629 587 613 902
2687 4 2 4 1 513 820 512 904
2688 4 2 4 1 286 304 242 858
2689 4 2 4 1 611 561 617 842
2690 4 2 4 1 543 537 539 848
2691 4 2 4 1 510 491 508 869
2692 4 2 4 1 681 666 652 903
2693 4 2 4 1 633 771 191 722
2694 4 2 4 1 634 723 188 773
2695 4 2 4 1 529 489 502 860
2696 4 2 4 1 661 168 169 823
2697 4 2 4 1 629 586 587 905
2698 4 2 4 1 734 730 732 850
2699 4 2 4 1 18 708 204 654
2700 4 2 4 1 780 128 396 770
2701 4 2 4 1 779 772 397 123
2702 4 2 4 1 770 479 767 127
2703 4 2 4 1 709 677 690 904
2704 4 2 4 1 119 368 467 749
2705 4 2 4 1 292 231 233 845
2706 4 2 4 1 348 75 329 616
2707 4 2 4 1 783 202 17 685
2708 4 2 4 1 278 848 537 882
2709 4 2 4 1 804 203 12 463
2710 4 2 4 1 539 537 541 848
2711 4 2 4 1 538 536 540 853
2712 4 2 4 1 365 467 451 877
2713 4 2 4 1 553 79 355 325
2714 4 2 4 1 343 311 344 815
2715 4 2 4 1 26 267 315 350
2716 4 2 4 1 748 369 466 120
2717 4 2 4 1 271 439 303 884
2718 4 2 4 1 297 896 308 906
2719 4 2 4 1 655 700 792 193
2720 4 2 4 1 292 233 245 845
2721 4 2 4 1 782 774 767 880
2722 4 2 4 1 760 880 746 901
2723 4 2 4 1 478 454 443 895
2724 4 2 4 1 498 521 488 898
2725 4 2 4 1 357 336 410 874
2726 4 2 4 1 282 266 283 898
2727 4 2 4 1 619 598 599 816
2728 4 2 4 1 489 173 14 628
2729 4 2 4 1 764 16 200 683
2730 4 2 4 1 474 401 376 836
2731 4 2 4 1 792 655 193 799
2732 4 2 4 1 668 631 713 894
2733 4 2 4 1 788 792 793 894
2734 4 2 4 1 756 657 764 891
2735 4 2 4 1 485 669 720 878
2736 4 2 4 1 53 210 278 882
2737 4 2 4 1 535 544 547 815
2738 4 2 4 1 320 345 328 852
2739 4 2 4 1 357 410 464 874
2740 4 2 4 1 464 296 305 874
2741 4 2 4 1 182 638 756 753
2742 4 2 4 1 498 523 521 898
2743 4 2 4 1 481 512 513 820
2744 4 2 4 1 342 341 310 817
2745 4 2 4 1 768 478 366 895
2746 4 2 4 1 746 880 868 901
2747 4 2 4 1 525 265 41 486
2748 4 2 4 1 797 801 847 897
2749 4 2 4 1 463 203 12 418
2750 4 2 4 1 797 787 801 897
2751 4 2 4 1 526 562 144 515
2752 4 2 4 1 188 723 641 776
2753 4 2 4 1 445 396 370 831
2754 4 2 4 1 375 396 128 770
2755 4 2 4 1 418 203 12 465
2756 4 2 4 1 210 540 52 536
2757 4 2 4 1 374 397 772 123
2758 4 2 4 1 463 804 203 879
2759 4 2 4 1 684 17 202 699
2760 4 2 4 1 699 17 202 685
2761 4 2 4 1 604 609 552 876
2762 4 2 4 1 294 309 357 874
2763 4 2 4 1 802 794 801 897
2764 4 2 4 1 257 300 271 893
2765 4 2 4 1 56 293 301 549
2766 4 2 4 1 738 728 739 820
2767 4 2 4 1 273 237 289 843
2768 4 2 4 1 467 754 365 119
2769 4 2 4 1 204 653 18 654
2770 4 2 4 1 737 727 740 817
2771 4 2 4 1 786 204 203 879
2772 4 2 4 1 541 54 216 537
2773 4 2 4 1 201 766 780 881
2774 4 2 4 1 616 348 75 556
2775 4 2 4 1 466 120 365 754
2776 4 2 4 1 697 692 721 864
2777 4 2 4 1 440 455 479 888
2778 4 2 4 1 7 167 318 627
2779 4 2 4 1 234 238 235 886
2780 4 2 4 1 130 793 796 379
2781 4 2 4 1 326 316 349 870
2782 4 2 4 1 582 602 575 900
2783 4 2 4 1 288 212 262 859
2784 4 2 4 1 28 288 354 212
2785 4 2 4 1 384 456 399 863
2786 4 2 4 1 457 385 398 862
2787 4 2 4 1 468 448 390 880
2788 4 2 4 1 462 303 37 439
2789 4 2 4 1 723 188 773 776
2790 4 2 4 1 563 80 344 622
2791 4 2 4 1 770 479 375 888
2792 4 2 4 1 278 216 54 537
2793 4 2 4 1 746 199 200 880
2794 4 2 4 1 760 448 199 880
2795 4 2 4 1 615 555 164 543
2796 4 2 4 1 424 425 363 893
2797 4 2 4 1 176 731 735 679
2798 4 2 4 1 277 210 52 536
2799 4 2 4 1 387 513 108 527
2800 4 2 4 1 386 356 69 342
2801 4 2 4 1 346 329 319 857
2802 4 2 4 1 327 352 77 620
2803 4 2 4 1 620 621 600 851
2804 4 2 4 1 739 438 115 734
2805 4 2 4 1 528 412 507 884
2806 4 2 4 1 14 173 493 715
2807 4 2 4 1 7 167 714 322
2808 4 2 4 1 303 528 49 217
2809 4 2 4 1 683 16 200 698
2810 4 2 4 1 542 536 538 853
2811 4 2 4 1 612 581 586 905
2812 4 2 4 1 763 16 682 698
2813 4 2 4 1 734 114 730 416
2814 4 2 4 1 503 493 715 146
2815 4 2 4 1 322 714 82 332
2816 4 2 4 1 464 305 357 874
2817 4 2 4 1 163 538 543 624
2818 4 2 4 1 389 463 436 879
2819 4 2 4 1 773 873 772 895
2820 4 2 4 1 769 777 781 909
2821 4 2 4 1 137 489 628 902
2822 4 2 4 1 631 194 788 894
2823 4 2 4 1 792 643 194 700
2824 4 2 4 1 462 412 528 884
2825 4 2 4 1 542 624 162 559
2826 4 2 4 1 547 542 161 610
2827 4 2 4 1 203 418 463 879
2828 4 2 4 1 199 875 745 909
2829 4 2 4 1 126 432 468 774
2830 4 2 4 1 778 633 771 191
2831 4 2 4 1 188 777 634 773
2832 4 2 4 1 355 344 80 622
2833 4 2 4 1 485 720 520 878
2834 4 2 4 1 191 771 775 722
2835 4 2 4 1 795 376 791 133
2836 4 2 4 1 202 784 17 684
2837 4 2 4 1 125 432 774 471
2838 4 2 4 1 155 705 524 640
2839 4 2 4 1 165 589 615 539
2840 4 2 4 1 642 191 775 722
2841 4 2 4 1 297 308 216 906
2842 4 2 4 1 744 530 159 481
2843 4 2 4 1 360 71 311 548
2844 4 2 4 1 528 96 507 412
2845 4 2 4 1 464 435 296 874
2846 4 2 4 1 735 175 691 740
2847 4 2 4 1 206 304 273 857
2848 4 2 4 1 789 197 632 644
2849 4 2 4 1 336 57 357 410
2850 4 2 4 1 531 135 549 482
2851 4 2 4 1 359 742 95 310
2852 4 2 4 1 271 37 303 439
2853 4 2 4 1 217 528 49 480
2854 4 2 4 1 352 621 77 620
2855 4 2 4 1 40 525 483 214
2856 4 2 4 1 355 354 312 859
2857 4 2 4 1 366 478 443 895
2858 4 2 4 1 621 599 600 851
2859 4 2 4 1 545 589 165 539
2860 4 2 4 1 338 340 330 862
2861 4 2 4 1 509 501 511 863
2862 4 2 4 1 371 130 415 793
2863 4 2 4 1 370 133 791 414
2864 4 2 4 1 199 745 200 909
2865 4 2 4 1 512 677 156 904
2866 4 2 4 1 656 763 682 868
2867 4 2 4 1 721 675 697 864
2868 4 2 4 1 96 528 462 412
2869 4 2 4 1 534 482 136 550
2870 4 2 4 1 548 71 311 535
2871 4 2 4 1 727 94 310 743
2872 4 2 4 1 728 744 159 481
2873 4 2 4 1 464 357 57 410
2874 4 2 4 1 433 476 11 201
2875 4 2 4 1 477 433 11 201
2876 4 2 4 1 600 618 556 871
2877 4 2 4 1 339 73 318 627
2878 4 2 4 1 774 781 875 909
2879 4 2 4 1 471 391 449 875
2880 4 2 4 1 135 534 549 482
2881 4 2 4 1 311 72 551 535
2882 4 2 4 1 741 728 158 481
2883 4 2 4 1 310 742 95 727
2884 4 2 4 1 131 797 444 787
2885 4 2 4 1 445 132 787 798
2886 4 2 4 1 606 169 168 841
2887 4 2 4 1 53 537 540 882
2888 4 2 4 1 284 249 304 842
2889 4 2 4 1 478 124 772 895
2890 4 2 4 1 688 503 715 146
2891 4 2 4 1 332 714 82 687
2892 4 2 4 1 118 368 749 907
2893 4 2 4 1 556 620 600 871
2894 4 2 4 1 748 369 121 908
2895 4 2 4 1 494 504 493 861
2896 4 2 4 1 768 124 478 895
2897 4 2 4 1 137 510 489 902
2898 4 2 4 1 628 173 613 902
2899 4 2 4 1 273 272 206 857
2900 4 2 4 1 631 643 194 894
2901 4 2 4 1 363 425 470 893
2902 4 2 4 1 283 281 275 887
2903 4 2 4 1 533 136 482 550
2904 4 2 4 1 743 94 310 362
2905 4 2 4 1 396 430 370 831
2906 4 2 4 1 294 305 296 874
2907 4 2 4 1 232 231 230 872
2908 4 2 4 1 797 371 444 847
2909 4 2 4 1 281 279 275 887
2910 4 2 4 1 361 72 551 311
2911 4 2 4 1 158 532 741 481
2912 4 2 4 1 28 288 312 354
2913 4 2 4 1 472 377 419 908
2914 4 2 4 1 378 473 420 907
2915 4 2 4 1 479 455 375 888
2916 4 2 4 1 53 278 537 882
2917 4 2 4 1 772 773 765 873
2918 4 2 4 1 432 448 468 880
2919 4 2 4 1 19 357 305 294
2920 4 2 4 1 183 724 171 757
2921 4 2 4 1 169 184 758 724
2922 4 2 4 1 520 522 485 878
2923 4 2 4 1 508 489 510 902
2924 4 2 4 1 768 772 124 895
2925 4 2 4 1 250 251 244 885
2926 4 2 4 1 519 498 488 876
2927 4 2 4 1 361 625 81 344
2928 4 2 4 1 317 327 348 871
2929 4 2 4 1 418 416 436 879
2930 4 2 4 1 126 468 367 767
2931 4 2 4 1 444 433 131 787
2932 4 2 4 1 433 445 132 787
2933 4 2 4 1 777 189 683 769
2934 4 2 4 1 778 682 190 769
2935 4 2 4 1 229 237 227 890
2936 4 2 4 1 465 203 12 803
2937 4 2 4 1 202 766 201 881
2938 4 2 4 1 271 303 217 884
2939 4 2 4 1 240 238 234 886
2940 4 2 4 1 296 252 294 874
2941 4 2 4 1 483 525 526 867
2942 4 2 4 1 125 471 768 366
2943 4 2 4 1 720 668 645 878
2944 4 2 4 1 236 224 226 899
2945 4 2 4 1 750 121 377 908
2946 4 2 4 1 537 543 538 882
2947 4 2 4 1 539 615 164 543
2948 4 2 4 1 627 339 73 561
2949 4 2 4 1 118 752 378 907
2950 4 2 4 1 484 513 512 904
2951 4 2 4 1 496 526 525 867
2952 4 2 4 1 293 56 546 549
2953 4 2 4 1 244 251 256 885
2954 4 2 4 1 773 776 765 873
2955 4 2 4 1 460 739 116 741
2956 4 2 4 1 212 354 27 910
2957 4 2 4 1 667 666 681 903
2958 4 2 4 1 768 366 478 124
2959 4 2 4 1 479 367 767 127
2960 4 2 4 1 156 677 640 904
2961 4 2 4 1 660 183 171 757
2962 4 2 4 1 758 184 169 661
2963 4 2 4 1 513 484 527 904
2964 4 2 4 1 354 315 27 910
2965 4 2 4 1 759 745 199 875
2966 4 2 4 1 199 10 759 449
2967 4 2 4 1 448 10 760 199
2968 4 2 4 1 129 796 804 389
2969 4 2 4 1 302 360 30 343
2970 4 2 4 1 154 720 485 669
2971 4 2 4 1 267 27 315 910
2972 4 2 4 1 755 186 656 763
2973 4 2 4 1 645 153 720 520
2974 4 2 4 1 390 377 398 901
2975 4 2 4 1 461 342 70 362
2976 4 2 4 1 513 532 460 109
2977 4 2 4 1 197 790 704 644
2978 4 2 4 1 19 357 294 309
2979 4 2 4 1 528 303 462 884
2980 4 2 4 1 118 420 368 907
2981 4 2 4 1 121 369 419 908
2982 4 2 4 1 698 190 682 769
2983 4 2 4 1 189 698 683 769
2984 4 2 4 1 755 746 763 868
2985 4 2 4 1 210 307 298 882
2986 4 2 4 1 226 242 236 899
2987 4 2 4 1 800 18 708 204
2988 4 2 4 1 397 444 371 847
2989 4 2 4 1 624 162 538 542
2990 4 2 4 1 512 156 484 904
2991 4 2 4 1 267 212 27 910
2992 4 2 4 1 515 533 623 145
2993 4 2 4 1 210 298 278 882
2994 4 2 4 1 548 50 544 302
2995 4 2 4 1 451 467 427 877
2996 4 2 4 1 537 538 540 882
2997 4 2 4 1 774 880 782 909
2998 4 2 4 1 485 720 153 520
2999 4 2 4 1 285 544 50 302
3000 4 2 4 1 116 438 739 460
3001 4 2 4 1 545 539 546 906
3002 4 2 4 1 600 602 618 883
3003 4 2 4 1 290 212 306 910
3004 4 2 4 1 325 315 354 910
3005 4 2 4 1 653 18 799 204
3006 4 2 4 1 750 748 121 908
3007 4 2 4 1 461 110 737 743
3008 4 2 4 1 600 577 602 883
3009 4 2 4 1 752 118 749 907
3010 4 2 4 1 192 775 783 659
3011 4 2 4 1 747 724 183 757
3012 4 2 4 1 747 758 184 724
3013 4 2 4 1 612 586 629 905
3014 4 2 4 1 93 710 359 341
3015 4 2 4 1 216 293 55 906
3016 4 2 4 1 478 374 772 124
3017 4 2 4 1 742 710 174 740
3018 4 2 4 1 133 791 798 370
3019 4 2 4 1 793 371 130 797
3020 4 2 4 1 504 97 98 380
3021 4 2 4 1 59 58 333 381
3022 4 2 4 1 344 625 81 563
3023 4 2 4 1 375 479 770 127
3024 4 2 4 1 738 744 711 180
3025 4 2 4 1 419 377 121 908
3026 4 2 4 1 349 719 89 314
3027 4 2 4 1 31 305 464 296
3028 4 2 4 1 271 36 37 439
3029 4 2 4 1 646 719 89 349
3030 4 2 4 1 218 302 30 343
3031 4 2 4 1 118 378 420 907
3032 4 2 4 1 421 422 423 889
3033 4 2 4 1 604 139 519 140
3034 4 2 4 1 308 297 254 896
3035 4 2 4 1 720 669 668 878
3036 4 2 4 1 336 357 309 874
3037 4 2 4 1 562 515 623 145
3038 4 2 4 1 437 110 737 461
3039 4 2 4 1 93 710 341 674
3040 4 2 4 1 503 688 147 146
3041 4 2 4 1 332 82 83 687
3042 4 2 4 1 371 431 397 847
3043 4 2 4 1 508 46 47 211
3044 4 2 4 1 603 141 523 142
3045 4 2 4 1 45 44 208 517
3046 4 2 4 1 770 771 767 888
3047 4 2 4 1 280 259 240 892
3048 4 2 4 1 711 738 180 689
3049 4 2 4 1 219 48 47 502
3050 4 2 4 1 227 228 229 890
3051 4 2 4 1 796 129 379 389
3052 4 2 4 1 509 650 149 148
3053 4 2 4 1 513 460 387 109
3054 4 2 4 1 510 137 138 587
3055 4 2 4 1 484 155 524 640
3056 4 2 4 1 70 386 342 461
3057 4 2 4 1 649 85 84 338
3058 4 2 4 1 156 640 484 904
3059 4 2 4 1 140 552 141 498
3060 4 2 4 1 120 365 754 119
3061 4 2 4 1 122 760 390 448
3062 4 2 4 1 786 203 804 879
3063 4 2 4 1 631 668 643 894
3064 4 2 4 1 719 671 90 314
3065 4 2 4 1 346 23 24 272
3066 4 2 4 1 117 759 449 391
3067 4 2 4 1 520 645 153 152
3068 4 2 4 1 646 89 88 349
3069 4 2 4 1 385 62 63 340
3070 4 2 4 1 300 257 209 893
3071 4 2 4 1 139 500 138 558
3072 4 2 4 1 464 410 435 874
3073 4 2 4 1 350 25 26 207
3074 4 2 4 1 101 511 384 102
3075 4 2 4 1 217 49 48 480
3076 4 2 4 1 35 34 424 209
3077 4 2 4 1 45 46 491 276
3078 4 2 4 1 764 756 181 657
3079 4 2 4 1 71 72 311 535
3080 4 2 4 1 95 94 310 727
3081 4 2 4 1 482 135 534 136
3082 4 2 4 1 158 728 159 481
3083 4 2 4 1 65 66 382 326
3084 4 2 4 1 476 779 11 201
3085 4 2 4 1 780 477 11 201
3086 4 2 4 1 157 512 530 711
3087 4 2 4 1 435 31 464 296
3088 4 2 4 1 521 42 43 282
3089 4 2 4 1 105 383 497 104
3090 4 2 4 1 216 55 541 906
3091 4 2 4 1 186 656 637 755
3092 4 2 4 1 376 134 795 388
3093 4 2 4 1 32 33 215 364
3094 4 2 4 1 405 99 98 505
3095 4 2 4 1 531 301 38 514
3096 4 2 4 1 334 60 59 404
3097 4 2 4 1 795 134 803 388
3098 4 2 4 1 745 756 764 891
3099 4 2 4 1 157 512 711 677
3100 4 2 4 1 202 783 766 881
3101 4 2 4 1 174 710 691 740
3102 4 2 4 1 683 764 181 657
3103 4 2 4 1 129 804 463 389
3104 4 2 4 1 763 186 656 682
3105 4 2 4 1 496 557 142 143
3106 4 2 4 1 64 65 406 347
3107 4 2 4 1 390 398 450 901
3108 4 2 4 1 44 43 274 488
3109 4 2 4 1 507 480 528 884
3110 4 2 4 1 492 672 148 147
3111 4 2 4 1 490 666 150 149
3112 4 2 4 1 86 85 664 320
3113 4 2 4 1 321 83 84 673
3114 4 2 4 1 518 103 104 408
3115 4 2 4 1 255 38 301 514
3116 4 2 4 1 655 193 799 653
3117 4 2 4 1 367 126 767 127
3118 4 2 4 1 366 768 125 124
3119 4 2 4 1 657 756 181 638
3120 4 2 4 1 3 528 303 462
3121 4 2 4 1 658 187 776 784
3122 4 2 4 1 254 297 247 896
3123 4 2 4 1 765 784 202 897
3124 4 2 4 1 25 24 270 317
3125 4 2 4 1 575 579 582 900
3126 4 2 4 1 106 105 403 522
3127 4 2 4 1 67 66 351 402
3128 4 2 4 1 765 201 779 897
3129 4 2 4 1 659 192 775 642
3130 4 2 4 1 42 41 205 486
3131 4 2 4 1 265 41 40 525
3132 4 2 4 1 132 131 433 787
3133 4 2 4 1 345 86 87 651
3134 4 2 4 1 150 151 652 516
3135 4 2 4 1 113 417 112 733
3136 4 2 4 1 772 768 773 895
3137 4 2 4 1 202 201 765 897
3138 4 2 4 1 339 74 73 561
3139 4 2 4 1 760 199 746 880
3140 4 2 4 1 656 682 725 868
3141 4 2 4 1 546 539 541 906
3142 4 2 4 1 803 134 465 388
3143 4 2 4 1 305 357 1 464
3144 4 2 4 1 628 613 587 902
3145 4 2 4 1 395 60 61 335
3146 4 2 4 1 99 100 506 393
3147 4 2 4 1 22 23 319 206
3148 4 2 4 1 294 20 19 309
3149 4 2 4 1 738 180 689 179
3150 4 2 4 1 439 412 462 884
3151 4 2 4 1 100 101 501 456
3152 4 2 4 1 543 555 164 163
3153 4 2 4 1 21 22 337 284
3154 4 2 4 1 354 27 28 212
3155 4 2 4 1 255 39 38 514
3156 4 2 4 1 711 530 15 744
3157 4 2 4 1 683 189 777 634
3158 4 2 4 1 197 196 789 632
3159 4 2 4 1 195 631 194 788
3160 4 2 4 1 633 778 682 190
3161 4 2 4 1 110 737 111 437
3162 4 2 4 1 62 61 330 457
3163 4 2 4 1 507 96 97 412
3164 4 2 4 1 341 92 93 674
3165 4 2 4 1 548 360 2 302
3166 4 2 4 1 8 710 742 359
3167 4 2 4 1 549 301 4 531
3168 4 2 4 1 512 157 156 677
3169 4 2 4 1 58 57 336 410
3170 4 2 4 1 641 658 187 776
3171 4 2 4 1 348 76 75 556
3172 4 2 4 1 697 708 800 198
3173 4 2 4 1 544 50 51 285
3174 4 2 4 1 21 20 213 331
3175 4 2 4 1 166 589 545 623
3176 4 2 4 1 750 751 748 908
3177 4 2 4 1 550 166 545 623
3178 4 2 4 1 749 753 752 907
3179 4 2 4 1 328 64 63 407
3180 4 2 4 1 658 187 784 684
3181 4 2 4 1 409 102 499 103
3182 4 2 4 1 91 92 313 639
3183 4 2 4 1 27 26 267 315
3184 4 2 4 1 685 192 783 659
3185 4 2 4 1 463 418 436 879
3186 4 2 4 1 318 73 7 627
3187 4 2 4 1 774 126 432 125
3188 4 2 4 1 293 546 55 906
3189 4 2 4 1 769 781 782 909
3190 4 2 4 1 178 678 736 177
3191 4 2 4 1 545 589 166 165
3192 4 2 4 1 677 709 640 904
3193 4 2 4 1 628 14 489 137
3194 4 2 4 1 550 533 13 623
3195 4 2 4 1 30 29 218 343
3196 4 2 4 1 743 461 5 362
3197 4 2 4 1 715 493 14 146
3198 4 2 4 1 714 82 7 322
3199 4 2 4 1 9 460 741 532
3200 4 2 4 1 143 564 144 526
3201 4 2 4 1 16 186 763 682
3202 4 2 4 1 435 32 31 296
3203 4 2 4 1 6 551 625 361
3204 4 2 4 1 39 40 483 214
3205 4 2 4 1 34 33 421 299
3206 4 2 4 1 373 111 112 729
3207 4 2 4 1 67 68 392 324
3208 4 2 4 1 107 394 495 106
3209 4 2 4 1 78 79 553 325
3210 4 2 4 1 306 212 267 910
3211 4 2 4 1 764 181 16 683
3212 4 2 4 1 774 782 781 909
3213 4 2 4 1 369 748 121 120
3214 4 2 4 1 749 119 368 118
3215 4 2 4 1 780 128 477 396
3216 4 2 4 1 397 779 123 476
3217 4 2 4 1 515 562 144 145
3218 4 2 4 1 621 77 78 352
3219 4 2 4 1 540 52 53 210
3220 4 2 4 1 54 53 278 537
3221 4 2 4 1 734 372 115 114
3222 4 2 4 1 731 176 177 679
3223 4 2 4 1 114 730 416 113
3224 4 2 4 1 783 17 192 685
3225 4 2 4 1 90 91 353 703
3226 4 2 4 1 316 87 88 701
3227 4 2 4 1 487 702 152 151
3228 4 2 4 1 90 89 719 314
3229 4 2 4 1 739 438 116 115
3230 4 2 4 1 784 187 17 684
3231 4 2 4 1 174 691 175 740
3232 4 2 4 1 329 75 74 616
3233 4 2 4 1 485 720 154 153
3234 4 2 4 1 308 293 216 906
3235 4 2 4 1 524 705 155 154
3236 4 2 4 1 178 636 179 732
3237 4 2 4 1 387 513 109 108
3238 4 2 4 1 546 541 55 906
3239 4 2 4 1 69 70 386 342
3240 4 2 4 1 162 542 559 161
3241 4 2 4 1 735 635 175 176
3242 4 2 4 1 189 777 634 188
3243 4 2 4 1 633 778 190 191
3244 4 2 4 1 15 711 744 180
3245 4 2 4 1 2 71 360 548
3246 4 2 4 1 5 110 461 743
3247 4 2 4 1 528 3 96 462
3248 4 2 4 1 4 56 301 549
3249 4 2 4 1 357 57 1 464
3250 4 2 4 1 460 116 9 741
3251 4 2 4 1 710 8 93 359
3252 4 2 4 1 363 36 35 300
3253 4 2 4 1 640 484 155 156
3254 4 2 4 1 548 2 50 302
3255 4 2 4 1 303 37 3 462
3256 4 2 4 1 360 30 2 302
3257 4 2 4 1 29 28 288 312
3258 4 2 4 1 376 795 134 133
3259 4 2 4 1 530 159 15 744
3260 4 2 4 1 551 160 6 625
3261 4 2 4 1 130 796 129 379
3262 4 2 4 1 184 758 185 661
3263 4 2 4 1 757 660 183 182
3264 4 2 4 1 742 95 8 359
3265 4 2 4 1 277 52 51 536
3266 4 2 4 1 546 55 56 293
3267 4 2 4 1 344 81 80 563
3268 4 2 4 1 135 549 4 531
3269 4 2 4 1 327 77 76 620
3270 4 2 4 1 122 10 760 448
3271 4 2 4 1 759 10 117 449
3272 4 2 4 1 623 533 13 145
3273 4 2 4 1 161 547 610 160
3274 4 2 4 1 445 132 798 370
3275 4 2 4 1 371 797 444 131
3276 4 2 4 1 49 3 528 303
3277 4 2 4 1 742 710 8 174
3278 4 2 4 1 374 772 124 123
3279 4 2 4 1 770 128 375 127
3280 4 2 4 1 188 641 187 776
3281 4 2 4 1 743 5 94 362
3282 4 2 4 1 191 775 192 642
3283 4 2 4 1 551 6 72 361
3284 4 2 4 1 532 741 9 158
3285 4 2 4 1 194 792 700 193
3286 4 2 4 1 530 15 157 711
3287 4 2 4 1 81 6 625 361
3288 4 2 4 1 301 38 4 531
3289 4 2 4 1 1 31 305 464
3290 4 2 4 1 750 377 121 122
3291 4 2 4 1 461 70 5 362
3292 4 2 4 1 532 9 460 109
3293 4 2 4 1 55 54 216 541
3294 4 2 4 1 117 118 752 378
3295 4 2 4 1 13 136 533 550
3296 4 2 4 1 800 708 18 198
3297 4 2 4 1 190 698 189 769
3298 4 2 4 1 458 68 69 356
3299 4 2 4 1 108 459 527 107
3300 4 2 4 1 12 134 465 803
3301 4 2 4 1 165 615 164 539
3302 4 2 4 1 1 19 357 305
3303 4 2 4 1 799 193 18 653
3304 4 2 4 1 198 790 704 197
3305 4 2 4 1 12 804 463 129
3306 4 2 4 1 550 13 166 623
3307 4 2 4 1 123 779 11 476
3308 4 2 4 1 128 477 11 780
3309 4 2 4 1 794 195 699 196
3310 4 2 4 1 638 756 181 182
3311 4 2 4 1 637 185 186 755
3312 4 2 4 1 80 79 355 622
3313 4 2 4 1 162 538 163 624
3314 4 2 4 1 133 798 132 370
3315 4 2 4 1 797 371 130 131
3316 4 2 4 1 184 747 724 183
3317 4 2 4 1 874 364 469 435
3318 4 2 4 1 874 469 364 810
3319 4 2 4 1 901 665 806 868
3320 4 2 4 1 901 806 665 862
3321 4 2 4 1 482 623 515 533
3322 4 2 4 1 482 515 623 837
3323 4 2 4 1 855 469 823 411
3324 4 2 4 1 855 823 469 810
3325 4 2 4 1 429 823 469 411
3326 4 2 4 1 429 469 823 810
3327 4 2 4 1 585 829 905 581
3328 4 2 4 1 905 829 585 828
3329 4 2 4 1 829 578 576 581
3330 4 2 4 1 829 576 578 822
3331 4 2 4 1 850 689 732 820
3332 4 2 4 1 850 732 689 636
3333 4 2 4 1 818 888 706 722
3334 4 2 4 1 818 706 888 852
3335 4 2 4 1 680 706 888 722
3336 4 2 4 1 680 888 706 852
3337 4 2 4 1 882 846 592 853
3338 4 2 4 1 882 592 846 830
3339 4 2 4 1 900 286 858 843
3340 4 2 4 1 900 858 286 839
3341 4 2 4 1 569 845 570 571
3342 4 2 4 1 570 845 569 825
3343 4 2 4 1 852 665 862 664
3344 4 2 4 1 852 862 665 806
3345 4 2 4 1 838 660 907 694
3346 4 2 4 1 838 907 660 819
3347 4 2 4 1 851 292 816 845
3348 4 2 4 1 851 816 292 268
3349 4 2 4 1 879 716 809 850
3350 4 2 4 1 879 809 716 654
3351 4 2 4 1 678 809 716 850
3352 4 2 4 1 678 716 809 654
3353 4 2 4 1 882 591 555 592
3354 4 2 4 1 882 555 591 848
3355 4 2 4 1 775 881 818 766
3356 4 2 4 1 818 881 775 659
3357 4 2 4 1 833 904 475 459
3358 4 2 4 1 833 475 904 849
3359 4 2 4 1 400 475 904 459
3360 4 2 4 1 400 904 475 849
3361 4 2 4 1 885 243 821 244
3362 4 2 4 1 885 821 243 841
3363 4 2 4 1 878 383 431 832
3364 4 2 4 1 878 431 383 403
3365 4 2 4 1 859 626 563 597
3366 4 2 4 1 859 563 626 815
3367 4 2 4 1 849 387 441 400
3368 4 2 4 1 849 441 387 820
3369 4 2 4 1 853 610 626 559
3370 4 2 4 1 853 626 610 815
3371 4 2 4 1 818 780 831 396
3372 4 2 4 1 818 831 780 766
3373 4 2 4 1 887 274 828 275
3374 4 2 4 1 887 828 274 876
3375 4 2 4 1 296 364 874 435
3376 4 2 4 1 874 364 296 215
3377 4 2 4 1 893 425 423 424
3378 4 2 4 1 423 425 893 805
3379 4 2 4 1 423 889 893 424
3380 4 2 4 1 893 889 423 805
3381 4 2 4 1 353 639 91 313
3382 4 2 4 1 91 639 353 703
3383 4 2 4 1 558 905 587 586
3384 4 2 4 1 587 905 558 869
3385 4 2 4 1 497 878 383 522
3386 4 2 4 1 383 878 497 832
3387 4 2 4 1 875 453 891 807
3388 4 2 4 1 875 891 453 391
3389 4 2 4 1 476 897 847 779
3390 4 2 4 1 847 897 476 444
3391 4 2 4 1 724 840 877 747
3392 4 2 4 1 877 840 724 170
3393 4 2 4 1 877 171 724 747
3394 4 2 4 1 724 171 877 170
3395 4 2 4 1 814 378 891 752
3396 4 2 4 1 814 891 378 391
3397 4 2 4 1 759 891 378 752
3398 4 2 4 1 759 378 891 391
3399 4 2 4 1 733 416 809 730
3400 4 2 4 1 733 809 416 417
3401 4 2 4 1 900 237 834 890
3402 4 2 4 1 900 834 237 843
3403 4 2 4 1 300 439 893 363
3404 4 2 4 1 893 439 300 271
3405 4 2 4 1 775 722 818 642
3406 4 2 4 1 818 722 775 771
3407 4 2 4 1 219 480 48 502
3408 4 2 4 1 48 480 219 217
3409 4 2 4 1 631 894 897 847
3410 4 2 4 1 631 897 894 788
3411 4 2 4 1 801 897 894 847
3412 4 2 4 1 801 894 897 788
3413 4 2 4 1 895 903 681 826
3414 4 2 4 1 681 903 895 807
3415 4 2 4 1 543 624 882 555
3416 4 2 4 1 882 624 543 538
3417 4 2 4 1 669 524 154 705
3418 4 2 4 1 669 154 524 485
3419 4 2 4 1 867 143 564 557
3420 4 2 4 1 867 564 143 526
3421 4 2 4 1 776 723 873 773
3422 4 2 4 1 776 873 723 641
3423 4 2 4 1 625 547 160 610
3424 4 2 4 1 625 160 547 551
3425 4 2 4 1 542 610 853 559
3426 4 2 4 1 853 610 542 547
3427 4 2 4 1 734 438 850 739
3428 4 2 4 1 734 850 438 372
3429 4 2 4 1 294 331 811 213
3430 4 2 4 1 811 331 294 309
3431 4 2 4 1 314 703 856 671
3432 4 2 4 1 856 703 314 353
3433 4 2 4 1 735 679 809 635
3434 4 2 4 1 809 679 735 731
3435 4 2 4 1 218 312 29 288
3436 4 2 4 1 29 312 218 343
3437 4 2 4 1 902 137 587 628
3438 4 2 4 1 902 587 137 510
3439 4 2 4 1 622 344 859 355
3440 4 2 4 1 622 859 344 563
3441 4 2 4 1 753 745 814 756
3442 4 2 4 1 753 814 745 752
3443 4 2 4 1 891 814 745 756
3444 4 2 4 1 891 745 814 752
3445 4 2 4 1 785 791 836 790
3446 4 2 4 1 836 791 785 795
3447 4 2 4 1 293 549 906 301
3448 4 2 4 1 906 549 293 546
3449 4 2 4 1 786 793 849 796
3450 4 2 4 1 786 849 793 792
3451 4 2 4 1 751 746 813 750
3452 4 2 4 1 813 746 751 755
3453 4 2 4 1 766 771 818 775
3454 4 2 4 1 818 771 766 770
$EndElements
